species,cluster,family,countries
Acraea terpsicore,0,Nymphalidae,"[Malaysia, Singapore, Thailand, Viet Nam]"
Acridotheres grandis,0,Sturnidae,[Thailand]
Acridotheres leucocephalus,0,Sturnidae,[Viet Nam]
Acridotheres tristis,0,Sturnidae,"[Malaysia, Singapore, Thailand, Viet Nam]"
Acropora hyacinthus,0,Acroporidae,[Viet Nam]
Actitis hypoleucos,0,Scolopacidae,"[Indonesia, Malaysia, Singapore, Thailand, Viet Nam, Philippines]"
Aerides quinquevulnera,0,Orchidaceae,[Philippines]
Aeschynanthus pedunculatus,0,Gesneriaceae,[Viet Nam]
Agrionoptera insignis,0,Libellulidae,"[Malaysia, Singapore]"
Alcedo atthis,0,Alcedinidae,"[Malaysia, Singapore, Thailand, Viet Nam, Philippines]"
Allamanda cathartica,0,Apocynaceae,[Philippines]
Alophoixus bres,0,Pycnonotidae,[Malaysia]
Amata huebneri,0,Erebidae,"[Indonesia, Singapore]"
Amaurornis phoenicurus,0,Rallidae,"[Indonesia, Malaysia, Singapore, Philippines]"
Anastomus oscitans,0,Ciconiidae,"[Singapore, Thailand, Viet Nam]"
Annona squamosa,0,Annonaceae,[Viet Nam]
Anoplolepis gracilipes,0,Formicidae,"[Indonesia, Malaysia, Viet Nam, Philippines]"
Anser cygnoides,0,Anatidae,"[Malaysia, Viet Nam]"
Anthracoceros albirostris,0,Bucerotidae,"[Malaysia, Singapore, Thailand, Viet Nam]"
Aphis spiraecola,0,Aphididae,[Viet Nam]
Apis florea,0,Apidae,"[Singapore, Thailand, Viet Nam]"
Appias libythea,0,Pieridae,"[Indonesia, Malaysia, Singapore, Thailand]"
Archigenes savitri,0,Riodinidae,[Malaysia]
Ardea alba,0,Ardeidae,"[Singapore, Thailand, Viet Nam, Philippines]"
Ardea cinerea,0,Ardeidae,"[Singapore, Thailand, Viet Nam]"
Ardea purpurea,0,Ardeidae,"[Malaysia, Singapore, Thailand]"
Ardeola bacchus,0,Ardeidae,[Viet Nam]
Areas galactina,0,Erebidae,[Malaysia]
Argiope dang,0,Araneidae,"[Singapore, Thailand, Viet Nam]"
Argiope intricata,0,Araneidae,[Philippines]
Argyreia scortechinii,0,Convolvulaceae,[Viet Nam]
Arhopala epimuta,0,Lycaenidae,[Malaysia]
Arivela viscosa,0,Cleomaceae,"[Thailand, Viet Nam]"
Asota caricae,0,Erebidae,"[Indonesia, Malaysia, Viet Nam, Philippines]"
Asota heliconia,0,Erebidae,"[Indonesia, Philippines]"
Asota plana,0,Erebidae,[Philippines]
Athene brama,0,Strigidae,[Thailand]
Averrhoa bilimbi,0,Oxalidaceae,[Philippines]
Averrhoa carambola,0,Oxalidaceae,[Viet Nam]
Bactrocera dorsalis,0,Tephritidae,[Viet Nam]
Balanophora fungosa,0,Balanophoraceae,[Viet Nam]
Baphia nitida,0,Fabaceae,[Malaysia]
Bauhinia purpurea,0,Fabaceae,[Philippines]
Bavia sexpunctata,0,Salticidae,[Indonesia]
Begonia hatacoa,0,Begoniaceae,[Viet Nam]
Belenois java,0,Pieridae,[Indonesia]
Blattella germanica,0,Ectobiidae,[Viet Nam]
Bothrogonia addita,0,Cicadellidae,"[Malaysia, Singapore]"
Bougainvillea spectabilis,0,Nyctaginaceae,[Philippines]
Brugmansia aurea,0,Solanaceae,[Viet Nam]
Bulbophyllum gracillimum,0,Orchidaceae,[Malaysia]
Cacatua goffiniana,0,Psittacidae,[Singapore]
Cacomantis variolosus,0,Cuculidae,[Indonesia]
Caesalpinia pulcherrima,0,Fabaceae,"[Indonesia, Malaysia]"
Caladium bicolor,0,Araceae,"[Indonesia, Philippines]"
Calliphara nobilis,0,Scutelleridae,[Singapore]
Calotropis gigantea,0,Apocynaceae,"[Indonesia, Thailand]"
Camponotus castanicola,0,Formicidae,[Philippines]
Camponotus festinus,0,Formicidae,"[Indonesia, Malaysia]"
Camponotus singularis,0,Formicidae,[Indonesia]
Capra hircus,0,Bovidae,[Viet Nam]
Caprimulgus jotaka,0,Caprimulgidae,[Viet Nam]
Carex baccans,0,Cyperaceae,[Viet Nam]
Caridina lanceifrons,0,Atyidae,[Viet Nam]
Carriola thyridophora,0,Erebidae,[Malaysia]
Cassia fistula,0,Fabaceae,[Malaysia]
Castalius rosimon,0,Lycaenidae,"[Indonesia, Thailand]"
Catharanthus roseus,0,Apocynaceae,"[Indonesia, Viet Nam, Philippines]"
Catopsilia pomona,0,Pieridae,"[Indonesia, Singapore]"
Catopsilia pyranthe,0,Pieridae,[Indonesia]
Catopsilia scylla,0,Pieridae,[Indonesia]
Cecropis daurica,0,Hirundinidae,"[Indonesia, Thailand]"
Celosia argentea,0,Amaranthaceae,"[Thailand, Viet Nam]"
Ceratosoma trilobatum,0,Chromodorididae,[Philippines]
Cerbera odollam,0,Apocynaceae,"[Indonesia, Malaysia]"
Ceryle rudis,0,Alcedinidae,[Viet Nam]
Cerynia albata,0,Flatidae,[Viet Nam]
Cethosia cyane,0,Nymphalidae,"[Thailand, Viet Nam]"
Chalciope mygdon,0,Erebidae,"[Singapore, Thailand]"
Chassalia curviflora,0,Rubiaceae,[Singapore]
Cheilomenes sexmaculata,0,Coccinellidae,"[Thailand, Viet Nam]"
Chilasa clytia,0,Papilionidae,"[Singapore, Thailand]"
Chloeia incerta,0,Amphinomidae,[Viet Nam]
Chloris monguilloti,0,Fringillidae,[Viet Nam]
Christella parasitica,0,Thelypteridaceae,[Viet Nam]
Chromodoris annae,0,Chromodorididae,"[Indonesia, Philippines]"
Chromodoris magnifica,0,Chromodorididae,[Philippines]
Chrysocolaptes guttacristatus,0,Picidae,[Thailand]
Chrysocoris stollii,0,Scutelleridae,[Viet Nam]
Citripestis sagittiferella,0,Pyralidae,[Viet Nam]
Clitoria ternatea,0,Fabaceae,"[Malaysia, Philippines]"
Coccinella transversalis,0,Coccinellidae,[Viet Nam]
Codiaeum variegatum,0,Euphorbiaceae,"[Thailand, Philippines]"
Coeliccia chromothorax,0,Platycnemididae,[Thailand]
Coeliccia membranipes,0,Platycnemididae,[Indonesia]
Coeliccia poungyi,0,Platycnemididae,[Thailand]
Coelogyne candoonensis,0,Orchidaceae,[Philippines]
Coelophora inaequalis,0,Coccinellidae,"[Indonesia, Singapore, Philippines]"
Colocasia esculenta,0,Araceae,"[Indonesia, Philippines]"
Colpodaspis thompsoni,0,Colpodaspididae,"[Malaysia, Thailand]"
Columba livia,0,Columbidae,"[Malaysia, Singapore, Thailand, Viet Nam, Philippines]"
Conocephalus melaenus,0,Tettigoniidae,"[Singapore, Thailand]"
Copera marginipes,0,Platycnemididae,"[Indonesia, Malaysia]"
Copera vittata,0,Platycnemididae,[Singapore]
Copsychus saularis,0,Muscicapidae,"[Malaysia, Singapore, Thailand, Viet Nam]"
Coriandrum sativum,0,Apiaceae,"[Thailand, Viet Nam]"
Corvus macrorhynchos,0,Corvidae,"[Malaysia, Singapore, Thailand, Viet Nam]"
Corvus splendens,0,Corvidae,"[Malaysia, Singapore]"
Cosmophasis lami,0,Salticidae,"[Singapore, Thailand, Viet Nam]"
Cosmoscarta abdominalis,0,Cercopidae,[Viet Nam]
Cratilla metallica,0,Libellulidae,"[Malaysia, Singapore]"
Creatonotos transiens,0,Erebidae,"[Indonesia, Malaysia]"
Creobroter gemmatus,0,Hymenopodidae,[Viet Nam]
Ctenolepisma calvum,0,Lepismatidae,[Viet Nam]
Cuculus sparverioides,0,Cuculidae,[Thailand]
Cyana pudens,0,Erebidae,[Malaysia]
Cyclosia papilionaris,0,Zygaenidae,[Viet Nam]
Cyrestis thyodamas,0,Nymphalidae,"[Thailand, Viet Nam]"
Cyrtophora cylindroides,0,Araneidae,[Thailand]
Cyrtophora moluccensis,0,Araneidae,"[Thailand, Viet Nam]"
Cyrtophora unicolor,0,Araneidae,[Singapore]
Cytaea oreophila,0,Salticidae,[Indonesia]
Dacrycarpus imbricatus,0,Podocarpaceae,[Viet Nam]
Dacrymyces spathularius,0,Dacrymycetaceae,[Viet Nam]
Danaus chrysippus,0,Nymphalidae,"[Indonesia, Malaysia, Singapore, Thailand]"
Danaus melanippus,0,Nymphalidae,[Philippines]
Dasychira chekiangensis,0,Erebidae,[Singapore]
Debregeasia squamata,0,Urticaceae,[Viet Nam]
Delias agostina,0,Pieridae,[Thailand]
Delias descombesi,0,Pieridae,[Thailand]
Delias hyparete,0,Pieridae,"[Malaysia, Singapore, Viet Nam, Philippines]"
Delonix regia,0,Fabaceae,[Indonesia]
Dendrocopos analis,0,Picidae,"[Indonesia, Thailand]"
Dendrocygna javanica,0,Anatidae,"[Singapore, Viet Nam]"
Derris trifoliata,0,Fabaceae,[Indonesia]
Deudorix epijarbas,0,Lycaenidae,[Indonesia]
Dicaeum cruentatum,0,Dicaeidae,"[Singapore, Viet Nam]"
Dicranopteris linearis,0,Gleicheniaceae,[Viet Nam]
Dicrurus leucophaeus,0,Dicruridae,"[Thailand, Viet Nam]"
Dinopium javanense,0,Picidae,"[Malaysia, Thailand]"
Diplacodes trivialis,0,Libellulidae,"[Malaysia, Singapore, Thailand, Philippines]"
Dodonaea viscosa,0,Sapindaceae,[Viet Nam]
Doleschallia bisaltide,0,Nymphalidae,"[Indonesia, Malaysia, Singapore]"
Doxander vittatus,0,Strombidae,[Viet Nam]
Duttaphrynus melanostictus,0,Bufonidae,"[Indonesia, Malaysia, Thailand, Viet Nam]"
Egretta eulophotes,0,Ardeidae,"[Malaysia, Viet Nam]"
Egretta garzetta,0,Ardeidae,"[Indonesia, Singapore, Thailand, Viet Nam, Philippines]"
Egretta intermedia,0,Ardeidae,"[Malaysia, Singapore, Thailand]"
Egretta sacra,0,Ardeidae,"[Singapore, Thailand, Viet Nam, Philippines]"
Elanus caeruleus,0,Accipitridae,[Viet Nam]
Elattoneura analis,0,Platycnemididae,[Malaysia]
Elymnias hypermnestra,0,Nymphalidae,"[Indonesia, Malaysia, Singapore, Thailand, Viet Nam]"
Epeus flavobilineatus,0,Salticidae,[Philippines]
Erebus macrops,0,Erebidae,[Viet Nam]
Estrilda melpoda,0,Estrildidae,[Singapore]
Eudocima phalonia,0,Erebidae,[Indonesia]
Eumyias panayensis,0,Muscicapidae,[Philippines]
Euplocia membliaria,0,Erebidae,[Malaysia]
Euploea core,0,Nymphalidae,[Thailand]
Euploea mulciber,0,Nymphalidae,"[Thailand, Philippines]"
Euploea sylvester,0,Nymphalidae,[Thailand]
Eurema blanda,0,Pieridae,"[Singapore, Thailand, Philippines]"
Eurema hecabe,0,Pieridae,"[Singapore, Thailand, Viet Nam, Philippines]"
Eurema sari,0,Pieridae,[Malaysia]
Eurema simulatrix,0,Pieridae,[Malaysia]
Euroxenus vayssieresi,0,Issidae,[Viet Nam]
Euthalia aconthea,0,Nymphalidae,"[Indonesia, Singapore]"
Euthalia monina,0,Nymphalidae,"[Indonesia, Malaysia, Singapore, Thailand]"
Falco tinnunculus,0,Falconidae,"[Thailand, Viet Nam]"
Felis catus,0,Felidae,"[Malaysia, Singapore, Thailand, Viet Nam, Philippines]"
Ficus septica,0,Moraceae,"[Indonesia, Philippines]"
Gallicrex cinerea,0,Rallidae,[Singapore]
Gallirallus torquatus,0,Rallidae,[Philippines]
Gandaca harina,0,Pieridae,[Singapore]
Garrulax leucolophus,0,Leiothrichidae,[Viet Nam]
Gasteracantha diardi,0,Araneidae,"[Indonesia, Thailand]"
Gasteracantha kuhli,0,Araneidae,"[Indonesia, Thailand, Viet Nam, Philippines]"
Gasteracantha mengei,0,Araneidae,[Singapore]
Geokichla cinerea,0,Turdidae,[Philippines]
Geopelia striata,0,Columbidae,"[Indonesia, Malaysia, Singapore, Thailand, Viet Nam, Philippines]"
Gliricidia sepium,0,Fabaceae,[Indonesia]
Goniobranchus geminus,0,Chromodorididae,[Thailand]
Gorsachius melanolophus,0,Ardeidae,[Malaysia]
Gracula religiosa,0,Sturnidae,"[Malaysia, Singapore, Viet Nam]"
Gracupica contra,0,Sturnidae,[Thailand]
Gracupica nigricollis,0,Sturnidae,[Thailand]
Graphium agamemnon,0,Papilionidae,"[Indonesia, Malaysia, Singapore, Thailand, Viet Nam]"
Graphium sarpedon,0,Papilionidae,"[Indonesia, Singapore, Thailand, Viet Nam]"
Graphium xenocles,0,Papilionidae,[Thailand]
Grapsus albolineatus,0,Grapsidae,[Viet Nam]
Grona triflora,0,Fabaceae,[Singapore]
Gymnosporia mekongensis,0,Celastraceae,[Viet Nam]
Halcyon gularis,0,Alcedinidae,[Philippines]
Halcyon pileata,0,Alcedinidae,"[Thailand, Viet Nam]"
Halcyon smyrnensis,0,Alcedinidae,"[Malaysia, Singapore, Thailand, Viet Nam]"
Haliaeetus leucogaster,0,Accipitridae,"[Malaysia, Singapore, Thailand]"
Haliastur indus,0,Accipitridae,"[Malaysia, Singapore, Thailand, Philippines]"
Hasarius adansoni,0,Salticidae,"[Indonesia, Malaysia, Singapore, Thailand, Viet Nam, Philippines]"
Helopeltis theivora,0,Miridae,[Singapore]
Hemicircus canente,0,Picidae,[Thailand]
Hemixos cinereus,0,Pycnonotidae,[Thailand]
Hermetia illucens,0,Stratiomyidae,"[Indonesia, Singapore, Thailand, Philippines]"
Herpestes javanicus,0,Herpestidae,"[Indonesia, Thailand]"
Heterometrus silenus,0,Scorpionidae,[Viet Nam]
Heteropoda venatoria,0,Sparassidae,"[Indonesia, Singapore, Thailand, Viet Nam, Philippines]"
Himantopus himantopus,0,Recurvirostridae,"[Singapore, Thailand, Philippines]"
Hippobroma longiflora,0,Campanulaceae,"[Indonesia, Malaysia]"
Hirundo javanica,0,Hirundinidae,"[Indonesia, Malaysia, Thailand, Philippines]"
Hirundo rustica,0,Hirundinidae,"[Malaysia, Singapore, Thailand, Philippines]"
Homalomena philippinensis,0,Araceae,[Philippines]
Houttuynia cordata,0,Saururaceae,[Viet Nam]
Hydrobasileus croceus,0,Libellulidae,"[Malaysia, Singapore]"
Hyllus diardi,0,Salticidae,"[Indonesia, Singapore]"
Hyllus walckenaeri,0,Salticidae,[Indonesia]
Hypolimnas bolina,0,Nymphalidae,"[Indonesia, Malaysia, Singapore, Thailand, Viet Nam, Philippines]"
Hypolycaena sipylus,0,Lycaenidae,[Indonesia]
Hypothymis azurea,0,Monarchidae,"[Thailand, Viet Nam]"
Hypselodoris nigrostriata,0,Chromodorididae,[Thailand]
Hypselodoris pulchella,0,Chromodorididae,[Thailand]
Hypsipetes leucocephalus,0,Pycnonotidae,[Thailand]
Hypsipetes philippinus,0,Pycnonotidae,[Philippines]
Ichthyophis kohtaoensis,0,Ichthyophiidae,[Viet Nam]
Icthyophaga ichthyaetus,0,Accipitridae,"[Singapore, Viet Nam]"
Ictinogomphus decoratus,0,Gomphidae,"[Indonesia, Malaysia]"
Ideopsis juventa,0,Nymphalidae,"[Indonesia, Philippines]"
Ideopsis vulgaris,0,Nymphalidae,"[Malaysia, Singapore, Viet Nam]"
Indigofera hendecaphylla,0,Fabaceae,[Singapore]
Iphigenia indica,0,Colchicaceae,[Viet Nam]
Ipomoea pes-caprae,0,Convolvulaceae,"[Indonesia, Singapore, Viet Nam, Philippines]"
Ischnura senegalensis,0,Coenagrionidae,"[Indonesia, Malaysia, Singapore, Thailand, Viet Nam]"
Ixora coccinea,0,Rubiaceae,[Philippines]
Ixos mcclellandii,0,Pycnonotidae,[Viet Nam]
Junonia almana,0,Nymphalidae,"[Indonesia, Malaysia, Singapore, Thailand, Viet Nam]"
Junonia atlites,0,Nymphalidae,"[Indonesia, Malaysia, Singapore, Viet Nam]"
Junonia hierta,0,Nymphalidae,[Thailand]
Junonia lemonias,0,Nymphalidae,"[Malaysia, Thailand, Viet Nam]"
Junonia orithya,0,Nymphalidae,"[Malaysia, Singapore, Thailand, Viet Nam]"
Kalanchoe pinnata,0,Crassulaceae,[Viet Nam]
Kallima sylvia,0,Nymphalidae,"[Malaysia, Thailand, Viet Nam]"
Ketupa ketupu,0,Strigidae,[Thailand]
Laevicaulis alte,0,Veronicellidae,"[Singapore, Viet Nam]"
Lanius bucephalus,0,Laniidae,[Viet Nam]
Lanius collurioides,0,Laniidae,[Viet Nam]
Lanius cristatus,0,Laniidae,"[Malaysia, Singapore, Thailand, Philippines]"
Lanius schach,0,Laniidae,"[Indonesia, Singapore, Viet Nam, Philippines]"
Lanius tigrinus,0,Laniidae,"[Malaysia, Singapore]"
Lantana camara,0,Verbenaceae,"[Indonesia, Viet Nam, Philippines]"
Lasioderma serricorne,0,Anobiidae,[Viet Nam]
Lathrecista asiatica,0,Libellulidae,"[Malaysia, Singapore]"
Lebadea martha,0,Nymphalidae,"[Indonesia, Malaysia, Singapore]"
Leptosia nina,0,Pieridae,"[Indonesia, Malaysia, Singapore, Thailand, Viet Nam, Philippines]"
Leptotes plinius,0,Lycaenidae,"[Indonesia, Thailand, Viet Nam]"
Lethe confusa,0,Nymphalidae,[Viet Nam]
Lethe europa,0,Nymphalidae,"[Indonesia, Singapore]"
Leucaena leucocephala,0,Fabaceae,[Philippines]
Leucauge fastigata,0,Tetragnathidae,"[Indonesia, Singapore, Thailand, Viet Nam, Philippines]"
Leucauge tessellata,0,Tetragnathidae,"[Indonesia, Thailand]"
Libythea narina,0,Nymphalidae,[Thailand]
Linckia laevigata,0,Ophidiasteridae,[Philippines]
Liparis condylobulbon,0,Orchidaceae,[Philippines]
Lissachatina fulica,0,Achatinidae,"[Indonesia, Malaysia, Singapore, Thailand, Viet Nam, Philippines]"
Lobaria pulmonaria,0,Lobariaceae,[Viet Nam]
Lonchura leucogastroides,0,Estrildidae,"[Indonesia, Singapore]"
Macaca fascicularis,0,Cercopithecidae,"[Indonesia, Malaysia, Singapore, Thailand, Viet Nam, Philippines]"
Macaca leonina,0,Cercopithecidae,"[Thailand, Viet Nam]"
Macaca mulatta,0,Cercopithecidae,[Viet Nam]
Macaca nemestrina,0,Cercopithecidae,[Malaysia]
Macaranga tanarius,0,Euphorbiaceae,"[Malaysia, Philippines]"
Macracantha arcuata,0,Araneidae,[Thailand]
Macracantha hasselti,0,Araneidae,"[Singapore, Thailand]"
Macrodiplax cora,0,Libellulidae,[Philippines]
Macrotermes carbonarius,0,Termitidae,[Viet Nam]
Manihot esculenta,0,Euphorbiaceae,[Philippines]
Megisba malaya,0,Lycaenidae,[Malaysia]
Meiglyptes tristis,0,Picidae,[Thailand]
Melithaea ochracea,0,Melithaeidae,[Viet Nam]
Menemerus bivittatus,0,Salticidae,"[Malaysia, Thailand, Viet Nam, Philippines]"
Menemerus nigli,0,Salticidae,[Indonesia]
Merops orientalis,0,Meropidae,"[Thailand, Viet Nam]"
Merops philippinus,0,Meropidae,"[Indonesia, Malaysia, Singapore, Thailand, Philippines]"
Metopidius indicus,0,Jacanidae,[Viet Nam]
Micraspis discolor,0,Coccinellidae,"[Malaysia, Viet Nam]"
Microcarbo niger,0,Phalacrocoracidae,"[Indonesia, Thailand]"
Microhyla heymonsi,0,Microhylidae,"[Malaysia, Thailand]"
Mimosa pudica,0,Fabaceae,"[Indonesia, Malaysia, Viet Nam, Philippines]"
Moduza procris,0,Nymphalidae,"[Malaysia, Thailand, Viet Nam]"
Monomorium destructor,0,Formicidae,[Philippines]
Monticola solitarius,0,Muscicapidae,"[Viet Nam, Philippines]"
Morinda citrifolia,0,Rubiaceae,[Indonesia]
Motacilla alba,0,Motacillidae,"[Thailand, Viet Nam]"
Musa itinerans,0,Musaceae,[Viet Nam]
Muscicapa griseisticta,0,Muscicapidae,[Philippines]
Mycalesis aramis,0,Nymphalidae,[Philippines]
Mycalesis gotama,0,Nymphalidae,[Thailand]
Mycalesis ita,0,Nymphalidae,[Philippines]
Mystrium camillae,0,Formicidae,[Philippines]
Nacaduba angusta,0,Lycaenidae,[Malaysia]
Nardoa tuberculata,0,Ophidiasteridae,[Philippines]
Nelumbo nucifera,0,Nelumbonaceae,[Viet Nam]
Neoduma kuangtungensis,0,Erebidae,[Malaysia]
Nephila pilipes,0,Araneidae,"[Indonesia, Malaysia, Singapore, Thailand, Philippines]"
Nephilengys malabarensis,0,Araneidae,"[Indonesia, Thailand, Viet Nam]"
Neptis hylas,0,Nymphalidae,"[Malaysia, Singapore, Thailand, Viet Nam]"
Nihonhimea mundula,0,Theridiidae,"[Thailand, Viet Nam]"
Nisaetus cirrhatus,0,Accipitridae,[Singapore]
Nomascus gabriellae,0,Hylobatidae,[Viet Nam]
Nososticta insignis,0,Platycnemididae,[Indonesia]
Nyctemera adversata,0,Erebidae,[Viet Nam]
Nyctemera coleta,0,Erebidae,"[Indonesia, Thailand]"
Nycticorax caledonicus,0,Ardeidae,"[Indonesia, Malaysia]"
Nycticorax nycticorax,0,Ardeidae,"[Indonesia, Malaysia, Singapore, Viet Nam, Philippines]"
Nymphaea rubra,0,Nymphaeaceae,"[Thailand, Viet Nam]"
Odontomachus simillimus,0,Formicidae,[Philippines]
Odontoponera denticulata,0,Formicidae,[Philippines]
Oecophylla smaragdina,0,Formicidae,"[Indonesia, Malaysia, Singapore, Thailand, Viet Nam, Philippines]"
Olene mendosa,0,Erebidae,[Singapore]
Onomarchus uninotatus,0,Tettigoniidae,[Viet Nam]
Onychargia atrocyana,0,Platycnemididae,[Thailand]
Oriolus chinensis,0,Oriolidae,"[Malaysia, Singapore, Thailand, Philippines]"
Oriolus xanthornus,0,Oriolidae,[Viet Nam]
Orthetrum serapia,0,Libellulidae,[Philippines]
Orthocraspeda furva,0,Limacodidae,[Viet Nam]
Orthotomus atrogularis,0,Cisticolidae,[Viet Nam]
Orthotomus ruficeps,0,Cisticolidae,"[Singapore, Viet Nam]"
Orthotomus sutorius,0,Cisticolidae,"[Thailand, Viet Nam]"
Otus lettia,0,Strigidae,[Viet Nam]
Otus mantananensis,0,Strigidae,[Philippines]
Otus sagittatus,0,Strigidae,[Thailand]
Otus sunia,0,Strigidae,[Thailand]
Oudemansiella australis,0,Physalacriaceae,[Viet Nam]
Oxalis corniculata,0,Oxalidaceae,[Viet Nam]
Oxalis debilis,0,Oxalidaceae,[Viet Nam]
Pachliopta aristolochiae,0,Papilionidae,[Thailand]
Pachliopta kotzebuea,0,Papilionidae,[Philippines]
Paederia lanuginosa,0,Rubiaceae,[Viet Nam]
Pandion haliaetus,0,Pandionidae,"[Thailand, Viet Nam]"
Papilio alphenor,0,Papilionidae,[Philippines]
Papilio demoleus,0,Papilionidae,"[Indonesia, Malaysia, Thailand, Viet Nam]"
Papilio demolion,0,Papilionidae,[Indonesia]
Papilio polytes,0,Papilionidae,"[Malaysia, Singapore, Viet Nam]"
Paradoxurus hermaphroditus,0,Viverridae,[Viet Nam]
Paragomphus capricornis,0,Gomphidae,[Malaysia]
Parantica melaneus,0,Nymphalidae,[Thailand]
Parawixia dehaani,0,Araneidae,"[Indonesia, Viet Nam]"
Parmarion martensi,0,Ariophantidae,"[Indonesia, Malaysia]"
Parus cinereus,0,Paridae,[Viet Nam]
Parus monticolus,0,Paridae,[Viet Nam]
Passer montanus,0,Passeridae,"[Indonesia, Malaysia, Singapore, Thailand, Viet Nam, Philippines]"
Pelargopsis capensis,0,Alcedinidae,"[Singapore, Thailand]"
Peltophorum pterocarpum,0,Fabaceae,"[Malaysia, Viet Nam]"
Peperomia pellucida,0,Piperaceae,"[Indonesia, Malaysia, Philippines]"
Peridrome subfascia,0,Erebidae,[Malaysia]
Periplaneta americana,0,Blattidae,"[Indonesia, Malaysia, Singapore, Thailand, Viet Nam, Philippines]"
Pernis ptilorhynchus,0,Accipitridae,"[Malaysia, Singapore, Thailand, Viet Nam]"
Phalacrocorax fuscicollis,0,Phalacrocoracidae,[Thailand]
Phereoeca uterella,0,Tineidae,[Viet Nam]
Phintella lepidus,0,Salticidae,[Thailand]
Phyllidia coelestis,0,Phyllidiidae,[Malaysia]
Phyllidia ocellata,0,Phyllidiidae,"[Indonesia, Malaysia]"
Phylloscopus inornatus,0,Phylloscopidae,[Viet Nam]
Physalis angulata,0,Solanaceae,[Indonesia]
Physalis peruviana,0,Solanaceae,"[Indonesia, Malaysia]"
Pieris rapae,0,Pieridae,[Viet Nam]
Pilea microphylla,0,Urticaceae,"[Indonesia, Malaysia, Thailand, Philippines]"
Pinus kesiya,0,Pinaceae,[Viet Nam]
Piper sarmentosum,0,Piperaceae,[Malaysia]
Pistia stratiotes,0,Araceae,"[Indonesia, Malaysia, Thailand, Philippines]"
Planococcus citri,0,Pseudococcidae,[Viet Nam]
Platythyrea inermis,0,Formicidae,[Philippines]
Plexippus petersi,0,Salticidae,"[Indonesia, Malaysia, Viet Nam, Philippines]"
Pluvialis fulva,0,Charadriidae,"[Indonesia, Philippines]"
Pluvialis squatarola,0,Charadriidae,[Philippines]
Polypedates leucomystax,0,Rhacophoridae,"[Indonesia, Malaysia, Singapore, Thailand, Philippines]"
Polyrhachis bihamata,0,Formicidae,[Philippines]
Polyrhachis thrinax,0,Formicidae,[Philippines]
Polyura athamas,0,Nymphalidae,[Thailand]
Poritia erycinoides,0,Lycaenidae,[Malaysia]
Porzana paykullii,0,Rallidae,[Viet Nam]
Porzana pusilla,0,Rallidae,[Singapore]
Presbytis thomasi,0,Cercopithecidae,[Indonesia]
Proboscidocoris malayus,0,Miridae,[Singapore]
Prodasineura autumnalis,0,Platycnemididae,[Thailand]
Prodasineura collaris,0,Platycnemididae,"[Indonesia, Singapore]"
Prodasineura hyperythra,0,Platycnemididae,[Malaysia]
Prodasineura notostigma,0,Platycnemididae,[Singapore]
Psilopogon asiaticus,0,Megalaimidae,[Viet Nam]
Psilopogon faiostrictus,0,Megalaimidae,[Thailand]
Psilopogon haemacephalus,0,Megalaimidae,"[Singapore, Thailand, Viet Nam]"
Psilopogon lineatus,0,Megalaimidae,"[Singapore, Thailand]"
Psilopogon virens,0,Megalaimidae,[Thailand]
Psittacula alexandri,0,Psittacidae,"[Indonesia, Singapore, Viet Nam]"
Psittacula krameri,0,Psittacidae,"[Singapore, Thailand]"
Ptecticus aurifer,0,Stratiomyidae,[Viet Nam]
Pycnonotus aurigaster,0,Pycnonotidae,"[Indonesia, Singapore, Viet Nam]"
Pycnonotus blanfordi,0,Pycnonotidae,"[Thailand, Viet Nam]"
Pycnonotus brunneus,0,Pycnonotidae,"[Malaysia, Singapore]"
Pycnonotus finlaysoni,0,Pycnonotidae,"[Malaysia, Thailand, Viet Nam]"
Pycnonotus flavescens,0,Pycnonotidae,"[Thailand, Viet Nam]"
Pycnonotus flaviventris,0,Pycnonotidae,[Thailand]
Pycnonotus goiavier,0,Pycnonotidae,"[Indonesia, Malaysia, Singapore, Thailand, Viet Nam, Philippines]"
Pycnonotus jocosus,0,Pycnonotidae,"[Thailand, Viet Nam]"
Pycnonotus plumosus,0,Pycnonotidae,[Malaysia]
Pycnonotus simplex,0,Pycnonotidae,[Malaysia]
Pycnonotus sinensis,0,Pycnonotidae,[Viet Nam]
Pygathrix nemaeus,0,Cercopithecidae,[Viet Nam]
Radianthus magnifica,0,Stichodactylidae,[Viet Nam]
Ragadia luzonia,0,Nymphalidae,[Philippines]
Rallina fasciata,0,Rallidae,"[Malaysia, Singapore]"
Rapala cowani,0,Lycaenidae,[Indonesia]
Raphismia bispina,0,Libellulidae,[Philippines]
Rattus norvegicus,0,Muridae,[Viet Nam]
Remelana jangala,0,Lycaenidae,[Malaysia]
Rhesala imparata,0,Erebidae,[Singapore]
Rhipidura albicollis,0,Rhipiduridae,[Viet Nam]
Rhipidura javanica,0,Rhipiduridae,"[Malaysia, Singapore, Thailand, Viet Nam]"
Rhipidura perlata,0,Rhipiduridae,[Malaysia]
Rhodothemis rufa,0,Libellulidae,"[Malaysia, Singapore]"
Rhopodytes tristis,0,Cuculidae,"[Thailand, Viet Nam]"
Ridsdalea vietnamensis,0,Rubiaceae,[Viet Nam]
Rubigula erythropthalmos,0,Pycnonotidae,[Malaysia]
Rubigula squamatus,0,Pycnonotidae,[Malaysia]
Ruellia simplex,0,Acanthaceae,"[Indonesia, Viet Nam, Philippines]"
Samia wangi,0,Saturniidae,[Viet Nam]
Sarcops calvus,0,Sturnidae,[Philippines]
Sasia ochracea,0,Picidae,[Thailand]
Saxicola ferreus,0,Muscicapidae,[Viet Nam]
Scaevola taccada,0,Goodeniaceae,"[Indonesia, Malaysia]"
Scirpophaga incertulas,0,Crambidae,[Malaysia]
Scolopendra dehaani,0,Scolopendridae,[Viet Nam]
Senna alata,0,Fabaceae,"[Malaysia, Viet Nam]"
Senna occidentalis,0,Fabaceae,[Philippines]
Sepioteuthis lessoniana,0,Loliginidae,[Viet Nam]
Sieruela rutidosperma,0,Cleomaceae,"[Indonesia, Thailand, Viet Nam, Philippines]"
Sitta solangiae,0,Sittidae,[Viet Nam]
Solanum viarum,0,Solanaceae,[Viet Nam]
Solenopsis geminata,0,Formicidae,"[Thailand, Viet Nam]"
Spalgis epius,0,Lycaenidae,"[Indonesia, Thailand]"
Spathoglottis plicata,0,Orchidaceae,[Malaysia]
Spermacoce remota,0,Rubiaceae,"[Indonesia, Philippines]"
Sphinctotropis paviei,0,Anthribidae,"[Indonesia, Malaysia]"
Spilopelia chinensis,0,Columbidae,"[Indonesia, Singapore, Thailand, Viet Nam]"
Spilornis holospilus,0,Accipitridae,[Philippines]
Spilostethus hospes,0,Lygaeidae,"[Thailand, Viet Nam]"
Spodiopsar cineraceus,0,Sturnidae,[Thailand]
Spodoptera litura,0,Noctuidae,"[Indonesia, Singapore, Viet Nam]"
Spoladea recurvalis,0,Crambidae,"[Indonesia, Malaysia, Thailand, Philippines]"
Sternula albifrons,0,Laridae,[Thailand]
Stiboges nymphidia,0,Riodinidae,[Malaysia]
Stichodactyla gigantea,0,Stichodactylidae,"[Indonesia, Singapore, Philippines]"
Strix seloputo,0,Strigidae,"[Singapore, Thailand]"
Strophanthus gratus,0,Apocynaceae,[Malaysia]
Sturnia malabarica,0,Sturnidae,[Viet Nam]
Suastus gremius,0,Hesperiidae,"[Indonesia, Malaysia, Philippines]"
Tachybaptus ruficollis,0,Podicipedidae,"[Singapore, Thailand, Viet Nam]"
Tamba mnionomera,0,Erebidae,[Singapore]
Tanaecia lepidea,0,Nymphalidae,[Thailand]
Tapinoma melanocephalum,0,Formicidae,"[Indonesia, Malaysia, Thailand, Philippines]"
Tarenaya houtteana,0,Cleomaceae,[Viet Nam]
Tecoma stans,0,Bignoniaceae,[Viet Nam]
Telamonia festiva,0,Salticidae,"[Malaysia, Thailand]"
Terminalia catappa,0,Combretaceae,"[Indonesia, Malaysia, Philippines]"
Tetrameles nudiflora,0,Tetramelaceae,[Viet Nam]
Tetranychus urticae,0,Tetranychidae,[Viet Nam]
Tetraponera rufonigra,0,Formicidae,"[Indonesia, Malaysia]"
Thiania bhamoensis,0,Salticidae,"[Indonesia, Malaysia, Singapore, Thailand]"
Todiramphus chloris,0,Alcedinidae,"[Indonesia, Singapore, Thailand, Viet Nam, Philippines]"
Trachypithecus delacouri,0,Cercopithecidae,[Viet Nam]
Trachypithecus germaini,0,Cercopithecidae,[Viet Nam]
Treron vernans,0,Columbidae,"[Indonesia, Malaysia, Singapore, Thailand, Viet Nam, Philippines]"
Tricholestes criniger,0,Pycnonotidae,[Thailand]
Trichonephila antipodiana,0,Araneidae,"[Singapore, Thailand]"
Trithemis aurora,0,Libellulidae,"[Malaysia, Singapore]"
Trithemis festiva,0,Libellulidae,"[Malaysia, Singapore]"
Troides aeacus,0,Papilionidae,[Thailand]
Troides helena,0,Papilionidae,[Thailand]
Tubastraea coccinea,0,Dendrophylliidae,[Viet Nam]
Turdus cardis,0,Turdidae,[Thailand]
Turdus chrysolaus,0,Turdidae,[Philippines]
Turdus dissimilis,0,Turdidae,[Thailand]
Turdus obscurus,0,Turdidae,"[Thailand, Philippines]"
Tyriobapta torrida,0,Libellulidae,"[Malaysia, Singapore]"
Ugia serrilinea,0,Erebidae,[Malaysia]
Upupa epops,0,Upupidae,"[Thailand, Viet Nam]"
Urocissa erythroryncha,0,Corvidae,[Thailand]
Urothemis signata,0,Libellulidae,"[Malaysia, Singapore]"
Vanellus cinereus,0,Charadriidae,"[Thailand, Viet Nam]"
Vanessa indica,0,Nymphalidae,[Thailand]
Vindula erota,0,Nymphalidae,[Thailand]
Xenostegia tridentata,0,Convolvulaceae,[Viet Nam]
Ypthima stellera,0,Nymphalidae,[Philippines]
Yungipicus canicapillus,0,Picidae,[Viet Nam]
Yungipicus moluccensis,0,Picidae,"[Indonesia, Singapore]"
Zethera musa,0,Nymphalidae,[Philippines]
Zizina otis,0,Lycaenidae,"[Indonesia, Malaysia, Singapore, Thailand, Philippines]"
Zoothera aurea,0,Turdidae,"[Thailand, Philippines]"
Zoothera dauma,0,Turdidae,[Viet Nam]
Zyxomma obtusum,0,Libellulidae,[Philippines]
Abrus precatorius,1,Fabaceae,[Thailand]
Acalypha hispida,1,Euphorbiaceae,[Indonesia]
Acalypha indica,1,Euphorbiaceae,"[Indonesia, Philippines]"
Acalypha siamensis,1,Euphorbiaceae,[Indonesia]
Acrocephalus orientalis,1,Acrocephalidae,[Singapore]
Acrocephalus tangorum,1,Acrocephalidae,[Thailand]
Actinostephanus haeckeli,1,Actinodendridae,[Indonesia]
Adinda malaccensis,1,Scleropactidae,[Malaysia]
Adonidia merrillii,1,Arecaceae,[Thailand]
Aegithina tiphia,1,Aegithinidae,"[Malaysia, Singapore]"
Aerodramus fuciphagus,1,Apodidae,[Thailand]
Aerodramus germani,1,Apodidae,"[Thailand, Viet Nam]"
Aethriamanta gracilis,1,Libellulidae,[Singapore]
Agaricus trisulphuratus,1,Agaricaceae,[Malaysia]
Ageratum conyzoides,1,Asteraceae,[Indonesia]
Agrilus occipitalis,1,Buprestidae,[Malaysia]
Agrius convolvuli,1,Sphingidae,[Indonesia]
Alocasia longiloba,1,Araceae,[Viet Nam]
Alopias pelagicus,1,Alopiidae,[Philippines]
Alternanthera philoxeroides,1,Amaranthaceae,[Indonesia]
Amathusia phidippus,1,Nymphalidae,"[Singapore, Philippines]"
Amphidromus inversus,1,Camaenidae,[Singapore]
Amplypterus panopus,1,Sphingidae,[Singapore]
Ampulex compressa,1,Ampulicidae,[Indonesia]
Anacardium occidentale,1,Anacardiaceae,[Indonesia]
Anas gibberifrons,1,Anatidae,[Indonesia]
Ancylomenes holthuisi,1,Palaemonidae,[Singapore]
Andrographis paniculata,1,Acanthaceae,"[Malaysia, Thailand]"
Angiopteris evecta,1,Marattiaceae,[Malaysia]
Anhinga melanogaster,1,Anhingidae,"[Malaysia, Thailand, Viet Nam]"
Anomalodiscus squamosus,1,Veneridae,[Singapore]
Anoplodesmus saussurii,1,Paradoxosomatidae,"[Singapore, Philippines]"
Anthene emolus,1,Lycaenidae,[Thailand]
Anthene lycaenina,1,Lycaenidae,[Thailand]
Anthus rufulus,1,Motacillidae,[Singapore]
Antidesma velutinosum,1,Phyllanthaceae,[Singapore]
Antigonon leptopus,1,Polygonaceae,[Philippines]
Apis andreniformis,1,Apidae,[Singapore]
Apis dorsata,1,Apidae,"[Malaysia, Thailand, Viet Nam, Philippines]"
Aplonis panayensis,1,Sturnidae,"[Malaysia, Singapore, Philippines]"
Appias nephele,1,Pieridae,[Philippines]
Aquila clanga,1,Accipitridae,[Thailand]
Arborophila rubrirostris,1,Phasianidae,[Indonesia]
Archaster typicus,1,Archasteridae,[Philippines]
Ardeola speciosa,1,Ardeidae,[Indonesia]
Arhopala centaurus,1,Lycaenidae,"[Malaysia, Singapore]"
Arhopala oenea,1,Lycaenidae,[Thailand]
Arisaema garrettii,1,Araceae,[Viet Nam]
Aristocypha fenestrella,1,Chlorocyphidae,[Thailand]
Artamus leucorhynchos,1,Artamidae,[Philippines]
Aspidimorpha furcata,1,Chrysomelidae,[Singapore]
Asplenium nidus,1,Aspleniaceae,[Malaysia]
Asystasia intrusa,1,Acanthaceae,"[Indonesia, Malaysia, Thailand, Viet Nam, Philippines]"
Attagenus fasciatus,1,Dermestidae,[Philippines]
Aviceda leuphotes,1,Accipitridae,[Thailand]
Bactrocera hochii,1,Tephritidae,[Singapore]
Bidens alba,1,Asteraceae,"[Malaysia, Viet Nam]"
Bidens pilosa,1,Asteraceae,[Indonesia]
Birgus latro,1,Coenobitidae,[Indonesia]
Blumea balsamifera,1,Asteraceae,[Philippines]
Bohadschia argus,1,Holothuriidae,[Philippines]
Bonnaya antipoda,1,Linderniaceae,[Philippines]
Bradybaena similaris,1,Camaenidae,[Singapore]
Breynia androgyna,1,Phyllanthaceae,[Indonesia]
Breynia vitis-idaea,1,Phyllanthaceae,[Philippines]
Briareum violaceum,1,Briareidae,[Philippines]
Bryobium retusum,1,Orchidaceae,[Indonesia]
Buceros bicornis,1,Bucerotidae,[Thailand]
Buceros hydrocorax,1,Bucerotidae,[Philippines]
Buceros rhinoceros,1,Bucerotidae,[Malaysia]
Butastur indicus,1,Accipitridae,"[Thailand, Viet Nam]"
Butastur liventer,1,Accipitridae,[Thailand]
Butea monosperma,1,Fabaceae,[Thailand]
Cacatua haematuropygia,1,Psittacidae,[Philippines]
Calathea crotalifera,1,Marantaceae,[Malaysia]
Caleta elna,1,Lycaenidae,[Singapore]
Caleta roxus,1,Lycaenidae,"[Malaysia, Thailand, Philippines]"
Calidris ruficollis,1,Scolopacidae,[Indonesia]
Callosciurus caniceps,1,Sciuridae,[Thailand]
Callosciurus erythraeus,1,Sciuridae,"[Malaysia, Viet Nam]"
Callosciurus finlaysonii,1,Sciuridae,"[Thailand, Philippines]"
Callosciurus notatus,1,Sciuridae,"[Indonesia, Malaysia, Singapore]"
Callosciurus orestes,1,Sciuridae,[Malaysia]
Callosciurus prevostii,1,Sciuridae,[Malaysia]
Calonectris leucomelas,1,Procellariidae,[Philippines]
Calophyllum inophyllum,1,Calophyllaceae,[Malaysia]
Calvisia virbius,1,Lonchodidae,[Malaysia]
Camacinia gigantea,1,Libellulidae,[Malaysia]
Campsomeris phalerata,1,Scoliidae,[Singapore]
Canis lupus,1,Canidae,[Philippines]
Canna indica,1,Cannaceae,[Philippines]
Cantao ocellatus,1,Scutelleridae,"[Singapore, Viet Nam]"
Caprimulgus macrurus,1,Caprimulgidae,[Singapore]
Carica papaya,1,Caricaceae,"[Viet Nam, Philippines]"
Carlito syrichta,1,Tarsiidae,[Philippines]
Carpococcyx viridis,1,Cuculidae,[Indonesia]
Caryanda spuria,1,Acrididae,[Indonesia]
Casuarina equisetifolia,1,Casuarinaceae,[Indonesia]
Catacanthus incarnatus,1,Pentatomidae,[Malaysia]
Catochrysops strabo,1,Lycaenidae,[Thailand]
Catopyrops ancyra,1,Lycaenidae,"[Singapore, Philippines]"
Caulerpa sertularioides,1,Caulerpaceae,[Singapore]
Centella asiatica,1,Apiaceae,[Indonesia]
Centropus nigrorufus,1,Cuculidae,[Indonesia]
Cepora aspasia,1,Pieridae,[Philippines]
Ceratosoma tenue,1,Chromodorididae,[Indonesia]
Ceriops tagal,1,Rhizophoraceae,[Indonesia]
Cethosia hypsea,1,Nymphalidae,[Malaysia]
Chalia pulchra,1,Eurybrachidae,[Malaysia]
Chalybion bengalense,1,Sphecidae,[Singapore]
Charybdis feriata,1,Portunidae,[Malaysia]
Cherax quadricarinatus,1,Parastacidae,[Malaysia]
Cheritra freja,1,Lycaenidae,"[Malaysia, Thailand]"
Chersonesia peraka,1,Nymphalidae,[Malaysia]
Chlidonias hybrida,1,Laridae,"[Indonesia, Thailand, Philippines]"
Chromodoris alcalai,1,Chromodorididae,[Malaysia]
Chromodoris lochi,1,Chromodorididae,[Indonesia]
Chromodoris willani,1,Chromodorididae,[Malaysia]
Chromolaena odorata,1,Asteraceae,"[Indonesia, Viet Nam, Philippines]"
Chrysochroa fulminans,1,Buprestidae,[Indonesia]
Chrysodema dalmanni,1,Buprestidae,[Philippines]
Cicindela aurulenta,1,Carabidae,"[Singapore, Viet Nam]"
Cigaritis lohita,1,Lycaenidae,[Thailand]
Circus melanoleucos,1,Accipitridae,[Thailand]
Circus spilonotus,1,Accipitridae,[Thailand]
Cirrochroa orissa,1,Nymphalidae,[Malaysia]
Cisticola juncidis,1,Cisticolidae,"[Indonesia, Singapore]"
Clausena excavata,1,Rutaceae,[Singapore]
Clavelina robusta,1,Clavelinidae,[Philippines]
Clogmia albipunctatus,1,Psychodidae,"[Malaysia, Singapore, Philippines]"
Coccinia grandis,1,Cucurbitaceae,"[Indonesia, Thailand, Philippines]"
Cocos nucifera,1,Arecaceae,"[Indonesia, Malaysia, Thailand, Viet Nam, Philippines]"
Coenobita brevimanus,1,Coenobitidae,[Indonesia]
Coenobita violascens,1,Coenobitidae,[Thailand]
Collocalia linchi,1,Apodidae,[Indonesia]
Colochirus quadrangularis,1,Cucumariidae,"[Malaysia, Singapore]"
Condica illecta,1,Noctuidae,[Singapore]
Conus striolatus,1,Conidae,[Philippines]
Coprinellus disseminatus,1,Psathyrellaceae,[Malaysia]
Copsychus malabaricus,1,Muscicapidae,[Thailand]
Corypha utan,1,Arecaceae,[Indonesia]
Cosmolestes picticeps,1,Reduviidae,"[Malaysia, Singapore]"
Cosmos bipinnatus,1,Asteraceae,[Thailand]
Cosmos sulphureus,1,Asteraceae,[Indonesia]
Costus woodsonii,1,Costaceae,[Malaysia]
Crassocephalum crepidioides,1,Asteraceae,"[Viet Nam, Philippines]"
Cratilla lineata,1,Libellulidae,[Indonesia]
Crepidium koordersii,1,Orchidaceae,[Indonesia]
Crepidotus boninensis,1,Crepidotaceae,[Malaysia]
Crescentia cujete,1,Bignoniaceae,[Indonesia]
Crinum asiaticum,1,Amaryllidaceae,[Indonesia]
Crithagra atrogularis,1,Fringillidae,[Singapore]
Cryptotympana acuta,1,Cicadidae,[Indonesia]
Cucumis melo,1,Cucurbitaceae,[Indonesia]
Culcita novaeguineae,1,Oreasteridae,"[Viet Nam, Philippines]"
Culicicapa helianthea,1,Stenostiridae,[Philippines]
Cupha erymanthis,1,Nymphalidae,"[Malaysia, Singapore]"
Cuphea hyssopifolia,1,Lythraceae,"[Malaysia, Viet Nam, Philippines]"
Curbia martiata,1,Geometridae,[Malaysia]
Cyanthillium cinereum,1,Asteraceae,"[Malaysia, Thailand, Viet Nam]"
Cyclosa bulla,1,Araneidae,[Viet Nam]
Cyclosa insulana,1,Araneidae,[Viet Nam]
Cyclosorus interruptus,1,Thelypteridaceae,[Philippines]
Cymbirhynchus macrorhynchos,1,Eurylaimidae,[Malaysia]
Cynopterus brachyotis,1,Pteropodidae,[Philippines]
Cypsiurus balasiensis,1,Apodidae,[Thailand]
Cyrestis themire,1,Nymphalidae,[Malaysia]
Daphnis hypothous,1,Sphingidae,[Thailand]
Dardanus sanguinolentus,1,Diogenidae,[Malaysia]
Dasycaris zanzibarica,1,Palaemonidae,[Philippines]
Delias henningia,1,Pieridae,[Philippines]
Delta campaniforme,1,Eumenidae,[Indonesia]
Delta pyriforme,1,Eumenidae,"[Indonesia, Malaysia, Viet Nam]"
Dendrobium crumenatum,1,Orchidaceae,[Indonesia]
Dendrocitta occipitalis,1,Corvidae,[Indonesia]
Dentiovula dorsuosa,1,Ovulidae,[Philippines]
Dicaeum australe,1,Dicaeidae,[Philippines]
Dicaeum trochileum,1,Dicaeidae,[Indonesia]
Dicrurus annectens,1,Dicruridae,[Malaysia]
Dicrurus balicassius,1,Dicruridae,[Philippines]
Dicrurus palawanensis,1,Dicruridae,[Philippines]
Didymoplexis pallens,1,Orchidaceae,[Indonesia]
Dillenia suffruticosa,1,Dilleniaceae,[Malaysia]
Dioscorea bulbifera,1,Dioscoreaceae,[Malaysia]
Dremomys rufigenis,1,Sciuridae,[Malaysia]
Drupadia ravindra,1,Lycaenidae,"[Malaysia, Thailand]"
Dryas iulia,1,Nymphalidae,"[Malaysia, Singapore]"
Ducula bicolor,1,Columbidae,[Singapore]
Dundubia vaginata,1,Cicadidae,[Philippines]
Duranta erecta,1,Verbenaceae,[Philippines]
Dysdercus cingulatus,1,Pyrrhocoridae,[Malaysia]
Dysdercus decussatus,1,Pyrrhocoridae,[Singapore]
Dysdercus poecilus,1,Pyrrhocoridae,[Philippines]
Echinometra mathaei,1,Echinometridae,[Philippines]
Echinothrix calamaris,1,Diadematidae,[Philippines]
Echinothrix diadema,1,Diadematidae,[Philippines]
Eclipta prostrata,1,Asteraceae,[Indonesia]
Ehretia microphylla,1,Ehretiaceae,[Philippines]
Elephantopus mollis,1,Asteraceae,[Philippines]
Elephantopus scaber,1,Asteraceae,[Singapore]
Elibia dolichus,1,Sphingidae,[Viet Nam]
Elymnias nesaea,1,Nymphalidae,[Malaysia]
Emilia sonchifolia,1,Asteraceae,[Viet Nam]
Enhalus acoroides,1,Hydrocharitaceae,[Singapore]
Enicurus schistaceus,1,Muscicapidae,[Thailand]
Enicurus velatus,1,Muscicapidae,[Indonesia]
Eooxylides tharis,1,Lycaenidae,[Singapore]
Epipremnum aureum,1,Araceae,"[Viet Nam, Philippines]"
Epophthalmia vittata,1,Macromiidae,[Indonesia]
Eriovixia excelsa,1,Araneidae,[Viet Nam]
Erpornis zantholeuca,1,Vireonidae,[Malaysia]
Erronea cylindrica,1,Cypraeidae,[Singapore]
Erronea onyx,1,Cypraeidae,[Singapore]
Etlingera elatior,1,Zingiberaceae,"[Malaysia, Singapore]"
Euagoras sordidatus,1,Reduviidae,[Indonesia]
Eucalyptus deglupta,1,Myrtaceae,[Philippines]
Euchrysops cnejus,1,Lycaenidae,"[Malaysia, Thailand]"
Eucorynus crassicornis,1,Anthribidae,[Philippines]
Eunice aphroditois,1,Eunicidae,[Philippines]
Euphaea ochracea,1,Euphaeidae,[Malaysia]
Euphaea refulgens,1,Euphaeidae,[Philippines]
Euphorbia bokorensis,1,Euphorbiaceae,[Viet Nam]
Euphorbia heterophylla,1,Euphorbiaceae,"[Indonesia, Thailand, Philippines]"
Euphorbia hirta,1,Euphorbiaceae,"[Indonesia, Malaysia, Thailand, Viet Nam, Philippines]"
Euphorbia pulcherrima,1,Euphorbiaceae,[Viet Nam]
Euplica scripta,1,Columbellidae,[Singapore]
Euploea radamanthus,1,Nymphalidae,[Malaysia]
Eurema laeta,1,Pieridae,[Philippines]
Euripus nyctelius,1,Nymphalidae,"[Malaysia, Thailand]"
Euryops chrysanthemoides,1,Asteraceae,[Viet Nam]
Eurysaspis flavescens,1,Pentatomidae,[Philippines]
Euthalia adonia,1,Nymphalidae,[Malaysia]
Euthalia alpheda,1,Nymphalidae,[Malaysia]
Euthalia merta,1,Nymphalidae,[Malaysia]
Evania appendigaster,1,Evaniidae,"[Singapore, Philippines]"
Faunis gracilis,1,Nymphalidae,[Malaysia]
Faunis kirata,1,Nymphalidae,[Malaysia]
Favorinus mirabilis,1,Facelinidae,[Singapore]
Feihyla kajau,1,Rhacophoridae,[Malaysia]
Fejervarya cancrivora,1,Dicroglossidae,[Indonesia]
Fejervarya limnocharis,1,Dicroglossidae,"[Indonesia, Malaysia, Viet Nam]"
Ficus simplicissima,1,Moraceae,[Indonesia]
Galeopterus variegatus,1,Cynocephalidae,[Singapore]
Gallus varius,1,Phasianidae,[Indonesia]
Gargara projecta,1,Membracidae,[Singapore]
Gastropteron bicornutum,1,Gastropteridae,[Philippines]
Geokichla citrina,1,Turdidae,[Singapore]
Geosesarma faustum,1,Sesarmidae,[Malaysia]
Gesonula mundata,1,Acrididae,[Singapore]
Glareola maldivarum,1,Glareolidae,[Singapore]
Gnetum gnemon,1,Gnetaceae,[Indonesia]
Goniobranchus fidelis,1,Chromodorididae,[Malaysia]
Gonophora pulchella,1,Chrysomelidae,[Singapore]
Graphium antiphates,1,Papilionidae,[Malaysia]
Graphium evemon,1,Papilionidae,[Malaysia]
Gymnopilus dilepis,1,Hymenogastraceae,[Philippines]
Gymnostoma sumatranum,1,Casuarinaceae,[Indonesia]
Habroloma lepidopterum,1,Buprestidae,[Singapore]
Halgerda carlsoni,1,Discodorididae,[Malaysia]
Haliotis ovina,1,Haliotidae,[Philippines]
Hapalochlaena lunulata,1,Octopodidae,[Philippines]
Hebomoia glaucippe,1,Pieridae,[Philippines]
Heliconia psittacorum,1,Heliconiaceae,"[Malaysia, Viet Nam, Philippines]"
Heliocypha biforata,1,Chlorocyphidae,[Thailand]
Heliocypha fenestrata,1,Chlorocyphidae,[Indonesia]
Hellenia speciosa,1,Costaceae,[Philippines]
Hemiscyllium freycineti,1,Hemiscylliidae,[Indonesia]
Hemithea tritonaria,1,Geometridae,"[Thailand, Viet Nam]"
Hemithyrsocera vittata,1,Ectobiidae,[Malaysia]
Heterometrus spinifer,1,Scorpionidae,[Malaysia]
Heterophasia picaoides,1,Leiothrichidae,[Malaysia]
Heteropoda boiei,1,Sparassidae,[Singapore]
Heterotis rotundifolia,1,Melastomataceae,[Thailand]
Heterotrigona itama,1,Apidae,[Malaysia]
Himerometra robustipinna,1,Himerometridae,[Philippines]
Holothuria atra,1,Holothuriidae,[Philippines]
Homoeoxipha lycoides,1,Trigonidiidae,"[Malaysia, Singapore]"
Horornis flavolivaceus,1,Cettiidae,[Indonesia]
Horridipamera nietneri,1,Rhyparochromidae,[Malaysia]
Hyblaea puera,1,Hyblaeidae,[Indonesia]
Hydatina physis,1,Aplustridae,[Philippines]
Hydrocotyle sibthorpioides,1,Araliaceae,[Indonesia]
Hydrocotyle verticillata,1,Araliaceae,[Philippines]
Hylarana erythraea,1,Ranidae,"[Singapore, Philippines]"
Hymenocallis littoralis,1,Amaryllidaceae,[Indonesia]
Hypolimnas anomala,1,Nymphalidae,"[Singapore, Philippines]"
Hypolycaena erylus,1,Lycaenidae,"[Malaysia, Singapore, Thailand]"
Hypolycaena thecloides,1,Lycaenidae,[Singapore]
Hyposidra aquilaria,1,Geometridae,[Thailand]
Hyposidra talaca,1,Geometridae,[Thailand]
Hypselodoris bullockii,1,Chromodorididae,[Indonesia]
Hypselodoris katherinae,1,Chromodorididae,[Singapore]
Hypselodoris tryoni,1,Chromodorididae,[Malaysia]
Hystrix javanica,1,Hystricidae,[Indonesia]
Iambrix salsala,1,Hesperiidae,"[Malaysia, Singapore]"
Iconaster longimanus,1,Goniasteridae,[Singapore]
Idaea craspedota,1,Geometridae,[Viet Nam]
Ideopsis gaura,1,Nymphalidae,"[Malaysia, Philippines]"
Iduna aedon,1,Acrocephalidae,[Thailand]
Impatiens balsamina,1,Balsaminaceae,[Philippines]
Impatiens platypetala,1,Balsaminaceae,[Indonesia]
Impatiens walleriana,1,Balsaminaceae,[Indonesia]
Inara flavopicta,1,Reduviidae,[Malaysia]
Ingerophrynus biporcatus,1,Bufonidae,[Indonesia]
Ingerophrynus philippinicus,1,Bufonidae,[Philippines]
Ingerophrynus quadriporcatus,1,Bufonidae,[Singapore]
Irena puella,1,Irenidae,[Singapore]
Iris domestica,1,Iridaceae,[Singapore]
Jamides celeno,1,Lycaenidae,"[Malaysia, Singapore]"
Janolus savinkini,1,Janolidae,[Philippines]
Jatropha curcas,1,Euphorbiaceae,[Indonesia]
Jatropha gossypiifolia,1,Euphorbiaceae,"[Indonesia, Thailand]"
Jatropha podagrica,1,Euphorbiaceae,"[Viet Nam, Philippines]"
Junonia hedonia,1,Nymphalidae,"[Malaysia, Singapore, Philippines]"
Junonia iphita,1,Nymphalidae,[Malaysia]
Kaloula baleata,1,Microhylidae,[Indonesia]
Kaloula pulchra,1,Microhylidae,"[Malaysia, Thailand, Viet Nam, Philippines]"
Kolla suturella,1,Cicadellidae,[Philippines]
Laccoptera nepalensis,1,Chrysomelidae,[Singapore]
Lagerstroemia calyculata,1,Lythraceae,[Viet Nam]
Lampides boeticus,1,Lycaenidae,"[Thailand, Philippines]"
Lamproptera curius,1,Papilionidae,[Malaysia]
Lariscus niobe,1,Sciuridae,[Indonesia]
Lasippa tiga,1,Nymphalidae,"[Malaysia, Singapore]"
Leea indica,1,Vitaceae,[Singapore]
Leea rubra,1,Vitaceae,[Singapore]
Leptocentrus taurus,1,Membracidae,[Malaysia]
Leptocoris vicinus,1,Rhopalidae,[Philippines]
Leptoglossus gonagra,1,Coreidae,[Malaysia]
Leptophryne borbonica,1,Bufonidae,[Indonesia]
Lestes praemorsus,1,Lestidae,[Singapore]
Lethe manthara,1,Nymphalidae,[Indonesia]
Lethe minerva,1,Nymphalidae,[Indonesia]
Leucauge argentina,1,Tetragnathidae,"[Singapore, Philippines]"
Leucauge decorata,1,Tetragnathidae,"[Singapore, Viet Nam]"
Leucocoprinus birnbaumii,1,Agaricaceae,[Indonesia]
Leucopsar rothschildi,1,Sturnidae,[Indonesia]
Libellago lineata,1,Chlorocyphidae,[Indonesia]
Libellago phaethon,1,Chlorocyphidae,[Malaysia]
Limnonectes blythii,1,Dicroglossidae,[Thailand]
Limnonectes hascheanus,1,Dicroglossidae,[Thailand]
Limnonectes kuhlii,1,Dicroglossidae,[Indonesia]
Limnonectes malesianus,1,Dicroglossidae,[Singapore]
Limnonectes microdiscus,1,Dicroglossidae,[Indonesia]
Limnonectes woodworthi,1,Dicroglossidae,[Philippines]
Lindenbergia philippensis,1,Orobanchaceae,[Philippines]
Littoraria angulifera,1,Littorinidae,[Malaysia]
Logania marmorata,1,Lycaenidae,[Singapore]
Lonchodes brevipes,1,Lonchodidae,[Singapore]
Lonchura maja,1,Estrildidae,[Indonesia]
Lophura ignita,1,Phasianidae,[Malaysia]
Lophura inornata,1,Phasianidae,[Indonesia]
Lophyra fuliginosa,1,Carabidae,[Indonesia]
Loriculus galgulus,1,Psittacidae,[Malaysia]
Loriculus philippensis,1,Psittacidae,[Philippines]
Ludwigia sedioides,1,Onagraceae,[Malaysia]
Luthrodes pandava,1,Lycaenidae,"[Malaysia, Singapore]"
Lutrogale perspicillata,1,Mustelidae,[Singapore]
Lycaenopsis marginata,1,Lycaenidae,[Thailand]
Lychas scutilus,1,Buthidae,[Singapore]
Lygodium microphyllum,1,Lygodiaceae,[Singapore]
Lyssa zampa,1,Uraniidae,[Singapore]
Macaranga heynei,1,Euphorbiaceae,[Singapore]
Macaranga hypoleuca,1,Euphorbiaceae,[Singapore]
Macaria abydata,1,Geometridae,[Thailand]
Macroglossum sitiene,1,Sphingidae,[Thailand]
Malacocincla sepiaria,1,Pellorneidae,[Indonesia]
Mallotus philippensis,1,Euphorbiaceae,[Viet Nam]
Manilkara zapota,1,Sapotaceae,[Singapore]
Marcius longirostris,1,Alydidae,[Indonesia]
Mariaella dussumieri,1,Ariophantidae,[Singapore]
Mecardonia procumbens,1,Plantaginaceae,[Indonesia]
Mecopoda stridulata,1,Tettigoniidae,[Malaysia]
Megaloxantha descarpentriesi,1,Buprestidae,[Malaysia]
Meganoton nyctiphanes,1,Sphingidae,[Thailand]
Melanitis phedima,1,Nymphalidae,[Indonesia]
Melanocyma faunula,1,Nymphalidae,[Malaysia]
Melastoma malabathricum,1,Melastomataceae,"[Malaysia, Thailand]"
Menetes berdmorei,1,Sciuridae,[Viet Nam]
Merops viridis,1,Meropidae,"[Malaysia, Singapore]"
Metaemene atrigutta,1,Noctuidae,[Malaysia]
Metapocyrtus adspersus,1,Curculionidae,[Singapore]
Mexichromis trilineata,1,Chromodorididae,[Malaysia]
Miconia crenata,1,Melastomataceae,[Indonesia]
Microhierax fringillarius,1,Falconidae,"[Malaysia, Singapore]"
Milionia coronifera,1,Geometridae,[Philippines]
Milvus migrans,1,Accipitridae,"[Thailand, Viet Nam]"
Mimusops elengi,1,Sapotaceae,[Malaysia]
Mirabilis jalapa,1,Nyctaginaceae,[Philippines]
Momordica charantia,1,Cucurbitaceae,"[Malaysia, Thailand, Viet Nam]"
Monetaria annulus,1,Cypraeidae,[Philippines]
Moringa oleifera,1,Moringaceae,[Malaysia]
Motacilla cinerea,1,Motacillidae,"[Malaysia, Thailand, Viet Nam]"
Motacilla tschutschensis,1,Motacillidae,"[Singapore, Thailand]"
Murex ternispina,1,Muricidae,[Philippines]
Mycalesis marginata,1,Nymphalidae,[Malaysia]
Mycena chlorophos,1,Mycenaceae,[Singapore]
Myiomela sumatrana,1,Muscicapidae,[Indonesia]
Myophonus castaneus,1,Muscicapidae,[Indonesia]
Myophonus melanurus,1,Muscicapidae,[Indonesia]
Nacaduba beroe,1,Lycaenidae,[Thailand]
Nacaduba kurava,1,Lycaenidae,"[Malaysia, Singapore]"
Napothera rufipectus,1,Pellorneidae,[Indonesia]
Nembrotha cristata,1,Polyceridae,[Malaysia]
Nembrotha lineolata,1,Polyceridae,[Philippines]
Nembrotha milleri,1,Polyceridae,[Malaysia]
Neopithecops zalmora,1,Lycaenidae,"[Malaysia, Thailand]"
Neorina lowii,1,Nymphalidae,[Malaysia]
Nepenthes gracilis,1,Nepenthaceae,[Malaysia]
Nepenthes tobaica,1,Nepenthaceae,[Indonesia]
Nephila kuhli,1,Araneidae,[Singapore]
Nephrolepis biserrata,1,Nephrolepidaceae,[Philippines]
Neptis harita,1,Nymphalidae,[Malaysia]
Neptis vikasi,1,Nymphalidae,[Indonesia]
Nesogaster aculeatus,1,Spongiphoridae,[Philippines]
Neurothemis terminata,1,Libellulidae,"[Indonesia, Malaysia]"
Nisitrus malaya,1,Gryllidae,"[Malaysia, Singapore]"
Nola pumila,1,Nolidae,[Singapore]
Nomia fuscipennis,1,Halictidae,[Singapore]
Nomia incerta,1,Halictidae,[Indonesia]
Nypa fruticans,1,Arecaceae,"[Indonesia, Thailand, Philippines]"
Ochna serrulata,1,Ochnaceae,[Philippines]
Odontodactylus scyllarus,1,Odontodactylidae,[Indonesia]
Ophthalmis lincea,1,Noctuidae,[Philippines]
Opisthodolichopus scandens,1,Paradoxosomatidae,[Singapore]
Orchithemis pulcherrima,1,Libellulidae,[Malaysia]
Oriolus xanthonotus,1,Oriolidae,[Malaysia]
Orthotomus sepium,1,Cisticolidae,[Indonesia]
Oryctes rhinoceros,1,Scarabaeidae,"[Malaysia, Viet Nam]"
Osbornia octodonta,1,Myrtaceae,[Indonesia]
Oxalis barrelieri,1,Oxalidaceae,[Indonesia]
Oxya intricata,1,Acrididae,"[Singapore, Viet Nam]"
Oxyopes macilentus,1,Oxyopidae,[Malaysia]
Pachliopta leytensis,1,Papilionidae,[Philippines]
Paguritta harmsi,1,Paguridae,[Malaysia]
Pallavicinia lyellii,1,Pallaviciniaceae,[Malaysia]
Pantala flavescens,1,Libellulidae,"[Indonesia, Thailand, Philippines]"
Panulirus versicolor,1,Palinuridae,[Indonesia]
Papilio helenus,1,Papilionidae,[Malaysia]
Papilio iswara,1,Papilionidae,[Malaysia]
Papilio memnon,1,Papilionidae,"[Malaysia, Viet Nam]"
Papilio palinurus,1,Papilionidae,[Malaysia]
Parantica aglea,1,Nymphalidae,"[Indonesia, Thailand]"
Parantica agleoides,1,Nymphalidae,"[Malaysia, Singapore]"
Parantica aspasia,1,Nymphalidae,[Malaysia]
Parathyma selenophora,1,Nymphalidae,[Malaysia]
Pareronia boebera,1,Pieridae,[Philippines]
Passer flaveolus,1,Passeridae,"[Malaysia, Thailand, Viet Nam]"
Passiflora ligularis,1,Passifloraceae,[Philippines]
Passiflora suberosa,1,Passifloraceae,[Singapore]
Pavo muticus,1,Phasianidae,[Viet Nam]
Pearsonothuria graeffei,1,Holothuriidae,[Philippines]
Pelopidas mathias,1,Hesperiidae,[Singapore]
Pemphis acidula,1,Lythraceae,[Indonesia]
Pergesa acteus,1,Sphingidae,"[Malaysia, Viet Nam, Philippines]"
Pericrocotus cinnamomeus,1,Campephagidae,[Indonesia]
Perna viridis,1,Mytilidae,"[Viet Nam, Philippines]"
Persicaria barbata,1,Polygonaceae,[Indonesia]
Petrelaea dana,1,Lycaenidae,[Singapore]
Phanera similis,1,Fabaceae,[Thailand]
Phestilla sibogae,1,Trinchesiidae,[Singapore]
Phyllanthus emblica,1,Phyllanthaceae,[Indonesia]
Phyllanthus urinaria,1,Phyllanthaceae,[Singapore]
Phyllidia elegans,1,Phyllidiidae,[Singapore]
Phyllodesmium briareum,1,Myrrhinidae,[Indonesia]
Phyllodesmium macphersonae,1,Myrrhinidae,[Philippines]
Phylloscopus borealis,1,Phylloscopidae,"[Singapore, Philippines]"
Phylloscopus coronatus,1,Phylloscopidae,[Singapore]
Phylloscopus fuscatus,1,Phylloscopidae,[Singapore]
Physalia physalis,1,Physaliidae,[Philippines]
Physomerus grossipes,1,Coreidae,[Philippines]
Pithecops corvus,1,Lycaenidae,[Thailand]
Pitta guajana,1,Pittidae,[Indonesia]
Pitta megarhyncha,1,Pittidae,[Singapore]
Platycerium grande,1,Polypodiaceae,[Philippines]
Plumbago auriculata,1,Plumbaginaceae,[Philippines]
Podolestes orientalis,1,Argiolestidae,[Singapore]
Polistes olivaceus,1,Eumenidae,[Viet Nam]
Polistes stigma,1,Eumenidae,[Philippines]
Polyalthia longifolia,1,Annonaceae,[Philippines]
Polycarpa aurata,1,Styelidae,[Malaysia]
Polypedates megacephalus,1,Rhacophoridae,[Viet Nam]
Polypedates otilophus,1,Rhacophoridae,[Malaysia]
Polyplectron malacense,1,Phasianidae,[Malaysia]
Polyura hebe,1,Nymphalidae,"[Malaysia, Singapore]"
Polyura moori,1,Nymphalidae,[Malaysia]
Pongo pygmaeus,1,Hominidae,[Malaysia]
Pontederia crassipes,1,Pontederiaceae,"[Indonesia, Malaysia, Thailand, Viet Nam, Philippines]"
Pontederia vaginalis,1,Pontederiaceae,[Indonesia]
Porophyllum ruderale,1,Asteraceae,[Singapore]
Porphyrio porphyrio,1,Rallidae,"[Malaysia, Thailand, Viet Nam]"
Portulaca oleracea,1,Portulacaceae,[Indonesia]
Praxelis clematidea,1,Asteraceae,"[Thailand, Philippines]"
Prinia inornata,1,Cisticolidae,[Indonesia]
Prorhinotermes flavus,1,Rhinotermitidae,[Singapore]
Prosotas nora,1,Lycaenidae,[Malaysia]
Protaetia acuminata,1,Scarabaeidae,[Viet Nam]
Protaetia fusca,1,Scarabaeidae,[Indonesia]
Protoreaster nodosus,1,Oreasteridae,"[Viet Nam, Philippines]"
Pseudocirrhipathes mapia,1,Antipathidae,[Philippines]
Pseudopachybrachius guttus,1,Rhyparochromidae,[Philippines]
Pseudoxya diminuta,1,Acrididae,"[Malaysia, Viet Nam, Philippines]"
Psilopogon australis,1,Megalaimidae,[Indonesia]
Psilopogon chrysopogon,1,Megalaimidae,[Malaysia]
Psilopogon duvaucelii,1,Megalaimidae,[Malaysia]
Psilopogon pyrolophus,1,Megalaimidae,"[Indonesia, Malaysia]"
Ptenochirus jagorii,1,Pteropodidae,[Philippines]
Pteraeolidia semperi,1,Facelinidae,[Indonesia]
Pteridium aquilinum,1,Dennstaedtiaceae,"[Viet Nam, Philippines]"
Pteruthius aeralatus,1,Vireonidae,"[Malaysia, Thailand]"
Ptilinopus jambu,1,Columbidae,[Singapore]
Ptilocera quadridentata,1,Stratiomyidae,[Indonesia]
Pycanum alternatum,1,Tessaratomidae,"[Malaysia, Singapore]"
Pycnoscelus indicus,1,Blaberidae,[Philippines]
Pyroneura latoia,1,Hesperiidae,[Singapore]
Quantula striata,1,Dyakiidae,[Singapore]
Rapala varuna,1,Lycaenidae,[Thailand]
Ratufa bicolor,1,Sciuridae,"[Malaysia, Thailand, Viet Nam]"
Rhacophorus pardalis,1,Rhacophoridae,[Malaysia]
Rhacophorus reinwardtii,1,Rhacophoridae,[Indonesia]
Rhapis excelsa,1,Arecaceae,[Viet Nam]
Rhinagrion elopurae,1,Philosinidae,[Malaysia]
Rhincodon typus,1,Rhincodontidae,[Philippines]
Rhinella marina,1,Bufonidae,[Philippines]
Rhinocypha colorata,1,Chlorocyphidae,[Philippines]
Rhinocypha humeralis,1,Chlorocyphidae,[Malaysia]
Rhinopalpa polynice,1,Nymphalidae,[Malaysia]
Rhipidura nigritorquis,1,Rhipiduridae,[Philippines]
Rhizophora apiculata,1,Rhizophoraceae,[Singapore]
Rhizophora mucronata,1,Rhizophoraceae,"[Indonesia, Singapore]"
Rhizophora stylosa,1,Rhizophoraceae,[Malaysia]
Rhynchium haemorrhoidale,1,Eumenidae,[Singapore]
Rhynchophorus vulneratus,1,Dryophthoridae,[Philippines]
Rhyothemis triangularis,1,Libellulidae,[Singapore]
Ricanula pulverosa,1,Ricaniidae,[Singapore]
Roboastra gracilis,1,Polyceridae,[Malaysia]
Ropalidia stigma,1,Vespidae,[Singapore]
Rorippa indica,1,Brassicaceae,[Indonesia]
Rostratula benghalensis,1,Rostratulidae,[Singapore]
Ryssota otaheitana,1,Chronidae,[Philippines]
Sagaminopteron psychedelicum,1,Gastropteridae,[Indonesia]
Sagra femorata,1,Chrysomelidae,[Indonesia]
Salurnis marginella,1,Flatidae,[Malaysia]
Salvinia minima,1,Salviniaceae,[Indonesia]
Samla riwo,1,Samlidae,[Malaysia]
Saxicola caprata,1,Muscicapidae,"[Thailand, Philippines]"
Scelimena producta,1,Tetrigidae,[Indonesia]
Schizophyllum commune,1,Schizophyllaceae,[Malaysia]
Schleichera oleosa,1,Sapindaceae,[Indonesia]
Scytodes fusca,1,Scytodidae,[Indonesia]
Scytodes pallida,1,Scytodidae,[Malaysia]
Seemannia sylvatica,1,Gesneriaceae,[Indonesia]
Selaginella kraussiana,1,Selaginellaceae,[Indonesia]
Serpula similis,1,Serpulaceae,[Malaysia]
Sesuvium portulacastrum,1,Aizoaceae,[Singapore]
Silana farinosa,1,Chrysomelidae,"[Malaysia, Singapore]"
Siphonaria sipho,1,Siphonariidae,[Philippines]
Sonneratia alba,1,Lythraceae,[Philippines]
Spathodea campanulata,1,Bignoniaceae,[Singapore]
Sphagneticola trilobata,1,Asteraceae,"[Indonesia, Malaysia, Thailand, Viet Nam]"
Spilornis cheela,1,Accipitridae,"[Indonesia, Thailand]"
Stenopus hispidus,1,Stenopodidae,[Malaysia]
Stichodactyla haddoni,1,Stichodactylidae,[Singapore]
Strigoptera bimaculata,1,Buprestidae,[Viet Nam]
Strobilanthes crispa,1,Acanthaceae,[Malaysia]
Subulina octona,1,Achatinidae,[Indonesia]
Sula leucogaster,1,Sulidae,[Philippines]
Suncus murinus,1,Soricidae,[Indonesia]
Sundasciurus tenuis,1,Sciuridae,[Thailand]
Surniculus lugubris,1,Cuculidae,"[Indonesia, Viet Nam]"
Sus scrofa,1,Suidae,[Malaysia]
Symbrenthia hypatia,1,Nymphalidae,[Malaysia]
Synalpheus stimpsonii,1,Alpheidae,[Singapore]
Syngonium podophyllum,1,Araceae,[Viet Nam]
Synoicus chinensis,1,Phasianidae,[Malaysia]
Syzygium samarangense,1,Myrtaceae,[Philippines]
Tachypompilus analis,1,Pompilidae,[Indonesia]
Tagiades japetus,1,Hesperiidae,"[Malaysia, Singapore, Philippines]"
Tajuria dominus,1,Lycaenidae,[Singapore]
Talinum paniculatum,1,Talinaceae,[Indonesia]
Tamarindus indica,1,Fabaceae,[Thailand]
Tamiops maritimus,1,Sciuridae,[Viet Nam]
Tamiops mcclellandii,1,Sciuridae,[Thailand]
Tamiops rodolphii,1,Sciuridae,[Viet Nam]
Tanaecia julii,1,Nymphalidae,[Malaysia]
Tanaecia palguna,1,Nymphalidae,[Indonesia]
Tartessus ferrugineus,1,Cicadellidae,[Singapore]
Tegillarca granosa,1,Arcidae,[Singapore]
Telchinia issoria,1,Nymphalidae,[Indonesia]
Telinga janardana,1,Nymphalidae,[Malaysia]
Tephrodornis virgatus,1,Tephrodornithidae,[Malaysia]
Terinos terpander,1,Nymphalidae,"[Malaysia, Singapore]"
Tetracera indica,1,Dilleniaceae,[Malaysia]
Tetragnatha hasselti,1,Tetragnathidae,[Malaysia]
Tetrathemis hyalina,1,Libellulidae,"[Indonesia, Malaysia]"
Thalamita spinimana,1,Portunidae,[Singapore]
Thauria aliris,1,Nymphalidae,[Malaysia]
Thecacera picta,1,Polyceridae,[Philippines]
Thelenota anax,1,Stichopodidae,[Indonesia]
Thelesperma simplicifolium,1,Asteraceae,[Philippines]
Theretra nessus,1,Sphingidae,[Malaysia]
Tholymis tillarga,1,Libellulidae,"[Singapore, Thailand]"
Thor amboinensis,1,Thoridae,[Indonesia]
Thunbergia grandiflora,1,Acanthaceae,"[Malaysia, Thailand, Philippines]"
Thyreus himalayensis,1,Apidae,[Singapore]
Tirachoidea biceps,1,Phasmatidae,[Indonesia]
Tirumala septentrionis,1,Nymphalidae,[Malaysia]
Torenia concolor,1,Linderniaceae,[Indonesia]
Torenia crustacea,1,Linderniaceae,"[Malaysia, Viet Nam, Philippines]"
Tradescantia zebrina,1,Commelinaceae,[Philippines]
Tragulus kanchil,1,Tragulidae,[Singapore]
Tramea transmarina,1,Libellulidae,"[Indonesia, Singapore, Thailand]"
Traulia azureipennis,1,Acrididae,[Singapore]
Trichonephila clavata,1,Araneidae,[Viet Nam]
Tricondyla brunnea,1,Carabidae,[Singapore]
Tridacna crocea,1,Cardiidae,[Philippines]
Tridax procumbens,1,Asteraceae,"[Indonesia, Malaysia, Thailand, Viet Nam, Philippines]"
Trigoniulus corallinus,1,Pachybolidae,"[Malaysia, Viet Nam, Philippines]"
Trigoniulus macropygus,1,Pachybolidae,[Philippines]
Trilophidia annulata,1,Acrididae,[Malaysia]
Tripneustes gratilla,1,Toxopneustidae,[Philippines]
Trogonoptera brookiana,1,Papilionidae,[Malaysia]
Tubuca paradussumieri,1,Ocypodidae,[Indonesia]
Turbo chrysostomus,1,Turbinidae,[Philippines]
Turnera ulmifolia,1,Turneraceae,[Philippines]
Tylorida ventralis,1,Tetragnathidae,"[Singapore, Philippines]"
Udaspes folus,1,Hesperiidae,[Singapore]
Utricularia aurea,1,Lentibulariaceae,[Malaysia]
Vagrans sinha,1,Nymphalidae,[Malaysia]
Vandellia diffusa,1,Linderniaceae,[Singapore]
Varuna litterata,1,Varunidae,[Indonesia]
Vasum turbinellus,1,Turbinellidae,[Philippines]
Vespa affinis,1,Vespidae,"[Singapore, Viet Nam]"
Vestalis amethystina,1,Calopterygidae,[Singapore]
Vestalis melania,1,Calopterygidae,[Philippines]
Vir philippinensis,1,Palaemonidae,[Malaysia]
Volegalea cochlidium,1,Melongenidae,[Malaysia]
Volkameria inermis,1,Lamiaceae,[Indonesia]
Wodyetia bifurcata,1,Arecaceae,[Malaysia]
Xanthium strumarium,1,Asteraceae,[Philippines]
Xanthotaenia busiris,1,Nymphalidae,[Malaysia]
Xylocopa aestuans,1,Apidae,[Indonesia]
Xylocopa flavonigrescens,1,Apidae,[Singapore]
Xylocopa phalothorax,1,Apidae,[Viet Nam]
Xylotrupes gideon,1,Scarabaeidae,[Indonesia]
Xylotrupes pauliani,1,Scarabaeidae,[Malaysia]
Xylotrupes philippinensis,1,Scarabaeidae,[Philippines]
Xylotrupes socrates,1,Scarabaeidae,[Thailand]
Xystrocera globosa,1,Cerambycidae,"[Viet Nam, Philippines]"
Yoma sabina,1,Nymphalidae,[Indonesia]
Ypthima baldus,1,Nymphalidae,"[Malaysia, Singapore]"
Ypthima huebneri,1,Nymphalidae,[Malaysia]
Zeltus amasa,1,Lycaenidae,[Singapore]
Zinnia elegans,1,Asteraceae,"[Indonesia, Philippines]"
Zizula hylax,1,Lycaenidae,"[Malaysia, Singapore, Viet Nam]"
Zoanthus sansibaricus,1,Zoanthidae,[Philippines]
Zosterops meyeni,1,Zosteropidae,[Philippines]
Zosterops simplex,1,Zosteropidae,[Singapore]
Zygonyx iris,1,Libellulidae,[Malaysia]
Zyxomma petiolatum,1,Libellulidae,[Singapore]
Abutilon indicum,2,Malvaceae,"[Viet Nam, Philippines]"
Aciagrion pallidum,2,Coenagrionidae,[Thailand]
Acisoma panorpoides,2,Libellulidae,"[Singapore, Thailand]"
Acridotheres javanicus,2,Sturnidae,"[Indonesia, Malaysia, Singapore]"
Acrocephalus bistrigiceps,2,Acrocephalidae,[Thailand]
Acrostichum aureum,2,Pteridaceae,[Indonesia]
Actias maenas,2,Saturniidae,[Thailand]
Acytolepis puspa,2,Lycaenidae,"[Malaysia, Philippines]"
Adiantum philippense,2,Pteridaceae,"[Indonesia, Viet Nam]"
Adiantum trapeziforme,2,Pteridaceae,[Indonesia]
Aethopyga gouldiae,2,Nectariniidae,[Viet Nam]
Aethopyga siparaja,2,Nectariniidae,"[Malaysia, Singapore, Thailand]"
Agriocnemis femina,2,Coenagrionidae,"[Singapore, Thailand, Philippines]"
Ajuga macrosperma,2,Lamiaceae,[Viet Nam]
Allacta bimaculata,2,Ectobiidae,[Viet Nam]
Amandava amandava,2,Estrildidae,[Thailand]
Amata sperbius,2,Erebidae,"[Thailand, Viet Nam]"
Anas luzonica,2,Anatidae,[Philippines]
Anas platyrhynchos,2,Anatidae,[Thailand]
Ancistroides gemmifer,2,Hesperiidae,[Malaysia]
Ancistroides nigrita,2,Hesperiidae,"[Malaysia, Thailand]"
Anepsion maritatum,2,Araneidae,[Malaysia]
Anthreptes malacensis,2,Nectariniidae,"[Indonesia, Malaysia, Singapore]"
Anthreptes rhodolaemus,2,Nectariniidae,[Malaysia]
Anthus richardi,2,Motacillidae,[Thailand]
Antilochus coquebertii,2,Pyrrhocoridae,[Thailand]
Apis cerana,2,Apidae,"[Indonesia, Malaysia, Singapore, Viet Nam]"
Apis laboriosa,2,Apidae,[Thailand]
Arachis pintoi,2,Fabaceae,[Viet Nam]
Arachnothera longirostra,2,Nectariniidae,[Thailand]
Arachnothera magna,2,Nectariniidae,[Thailand]
Argiope aemula,2,Araneidae,"[Indonesia, Philippines]"
Argiope appensa,2,Araneidae,"[Indonesia, Philippines]"
Argiope chloreides,2,Araneidae,[Philippines]
Argiope modesta,2,Araneidae,[Indonesia]
Argiope versicolor,2,Araneidae,[Indonesia]
Argyreia capitiformis,2,Convolvulaceae,[Thailand]
Ariadne ariadne,2,Nymphalidae,[Singapore]
Arsacia rectalis,2,Erebidae,[Thailand]
Asota plaginota,2,Erebidae,[Thailand]
Asystasia gangetica,2,Acanthaceae,"[Viet Nam, Philippines]"
Avicennia alba,2,Acanthaceae,[Indonesia]
Axis porcinus,2,Cervidae,[Thailand]
Axonopus compressus,2,Poaceae,[Singapore]
Aythya fuligula,2,Anatidae,[Philippines]
Azima sarmentosa,2,Salvadoraceae,[Thailand]
Baryrhynchus miles,2,Brentidae,[Thailand]
Basella alba,2,Basellaceae,"[Malaysia, Philippines]"
Blechnopsis orientalis,2,Blechnaceae,"[Viet Nam, Philippines]"
Brachydiplax chalybea,2,Libellulidae,"[Malaysia, Singapore, Thailand, Viet Nam]"
Brachythemis contaminata,2,Libellulidae,"[Indonesia, Malaysia, Singapore, Thailand, Viet Nam]"
Brassica rapa,2,Brassicaceae,[Thailand]
Broussonetia papyrifera,2,Moraceae,"[Viet Nam, Philippines]"
Brugmansia sanguinea,2,Solanaceae,[Malaysia]
Bulbophyllum dichromum,2,Orchidaceae,[Viet Nam]
Bulbophyllum reptans,2,Orchidaceae,[Viet Nam]
Cacomantis merulinus,2,Cuculidae,"[Thailand, Philippines]"
Cairina moschata,2,Anatidae,[Philippines]
Calidris falcinellus,2,Scolopacidae,[Thailand]
Calidris ferruginea,2,Scolopacidae,[Thailand]
Calidris pygmaea,2,Scolopacidae,[Thailand]
Calidris tenuirostris,2,Scolopacidae,"[Indonesia, Thailand]"
Caloenas nicobarica,2,Columbidae,"[Thailand, Philippines]"
Camponotus satan,2,Formicidae,[Thailand]
Campsomeriella collaris,2,Scoliidae,[Viet Nam]
Capsicum annuum,2,Solanaceae,"[Thailand, Philippines]"
Carcharhinus melanopterus,2,Carcharhinidae,"[Malaysia, Philippines]"
Cenchrus echinatus,2,Poaceae,[Malaysia]
Centropus bengalensis,2,Cuculidae,"[Indonesia, Malaysia, Thailand]"
Centropus sinensis,2,Cuculidae,"[Malaysia, Thailand, Viet Nam]"
Centropus viridis,2,Cuculidae,[Philippines]
Ceratopteris thalictroides,2,Pteridaceae,[Indonesia]
Ceriagrion auranticum,2,Coenagrionidae,[Thailand]
Ceriagrion cerinorubellum,2,Coenagrionidae,"[Malaysia, Singapore]"
Chalcoparia singalensis,2,Nectariniidae,[Malaysia]
Chalcophaps indica,2,Columbidae,"[Thailand, Philippines]"
Chalcorana chalconota,2,Ranidae,[Indonesia]
Chalcorana eschatia,2,Ranidae,[Thailand]
Charadrius hiaticula,2,Charadriidae,[Thailand]
Chloris barbata,2,Poaceae,[Philippines]
Chloropsis hardwickii,2,Chloropseidae,[Thailand]
Chrysomma sinense,2,Sylviidae,[Thailand]
Chrysso scintillans,2,Theridiidae,[Malaysia]
Cinnyris jugularis,2,Nectariniidae,[Philippines]
Clamator coromandus,2,Cuculidae,"[Indonesia, Malaysia, Thailand]"
Clerodendrum japonicum,2,Lamiaceae,[Philippines]
Clerodendrum thomsoniae,2,Lamiaceae,[Malaysia]
Cnaphalocrocis trebiusalis,2,Crambidae,[Thailand]
Cnesteboda celligera,2,Tortricidae,[Thailand]
Coix lacryma-jobi,2,Poaceae,[Viet Nam]
Coracias affinis,2,Coraciidae,[Thailand]
Coryphellina aurora,2,Flabellinidae,[Thailand]
Cosmophasis thalassina,2,Salticidae,[Singapore]
Creatonotos gangis,2,Erebidae,[Thailand]
Crocothemis servilia,2,Libellulidae,"[Indonesia, Singapore, Thailand, Viet Nam]"
Crossopriza lyoni,2,Pholcidae,[Thailand]
Culicicapa ceylonensis,2,Stenostiridae,[Thailand]
Cyclosia panthona,2,Zygaenidae,[Thailand]
Cylindrolobus truncatus,2,Orchidaceae,[Viet Nam]
Cymbopogon citratus,2,Poaceae,[Malaysia]
Cyperus brevifolius,2,Cyperaceae,[Indonesia]
Cyperus mindorensis,2,Cyperaceae,"[Indonesia, Philippines]"
Danaus genutia,2,Nymphalidae,"[Singapore, Viet Nam]"
Daphnis nerii,2,Sphingidae,"[Malaysia, Singapore, Thailand, Philippines]"
Darpa striata,2,Hesperiidae,[Malaysia]
Dendrocygna arcuata,2,Anatidae,[Malaysia]
Dicaeum ignipectus,2,Dicaeidae,"[Malaysia, Viet Nam]"
Dicaeum trigonostigma,2,Dicaeidae,[Malaysia]
Dicrurus hottentottus,2,Dicruridae,[Thailand]
Dicrurus macrocercus,2,Dicruridae,[Viet Nam]
Dicrurus paradiseus,2,Dicruridae,"[Malaysia, Singapore, Thailand]"
Dipteris conjugata,2,Dipteridaceae,"[Malaysia, Philippines]"
Dracaena fragrans,2,Asparagaceae,"[Thailand, Philippines]"
Dracaena reflexa,2,Asparagaceae,[Philippines]
Ducula badia,2,Columbidae,[Thailand]
Echinaster luzonicus,2,Echinasteridae,"[Thailand, Philippines]"
Elephas maximus,2,Elephantidae,[Thailand]
Eleusine indica,2,Poaceae,"[Indonesia, Viet Nam]"
Elymnias panthera,2,Nymphalidae,[Singapore]
Episyrphus balteatus,2,Syrphidae,[Thailand]
Eragrostis tenella,2,Poaceae,[Viet Nam]
Eria scabrilinguis,2,Orchidaceae,[Viet Nam]
Erpis macularis,2,Crambidae,[Viet Nam]
Ethmostigmus rubripes,2,Scolopendridae,[Malaysia]
Euagoras plagiatus,2,Reduviidae,[Thailand]
Eudocima discrepans,2,Erebidae,[Thailand]
Eudynamys scolopaceus,2,Cuculidae,"[Malaysia, Singapore, Thailand]"
Eumyias thalassinus,2,Muscicapidae,"[Thailand, Viet Nam]"
Eurrhyparodes tricoloralis,2,Crambidae,[Singapore]
Eurylaimus ochromalus,2,Eurylaimidae,[Thailand]
Eurystomus orientalis,2,Coraciidae,"[Malaysia, Singapore, Thailand]"
Falco peregrinus,2,Falconidae,"[Thailand, Philippines]"
Faunis canens,2,Nymphalidae,[Singapore]
Ficedula albicilla,2,Muscicapidae,"[Thailand, Viet Nam]"
Ficedula elisae,2,Muscicapidae,[Malaysia]
Ficedula mugimaki,2,Muscicapidae,[Singapore]
Ficedula zanthopygia,2,Muscicapidae,[Malaysia]
Ficus benjamina,2,Moraceae,"[Thailand, Viet Nam]"
Ficus caulocarpa,2,Moraceae,[Viet Nam]
Ficus pumila,2,Moraceae,[Viet Nam]
Ficus religiosa,2,Moraceae,[Malaysia]
Ficus rumphii,2,Moraceae,[Thailand]
Fimbriaphyllia ancora,2,Euphylliidae,[Philippines]
Fimbriaphyllia yaeyamaensis,2,Euphylliidae,[Philippines]
Foeniculum vulgare,2,Apiaceae,[Thailand]
Galaxea fascicularis,2,Euphylliidae,[Philippines]
Gallinula chloropus,2,Rallidae,[Viet Nam]
Gallus gallus,2,Phasianidae,"[Malaysia, Singapore, Thailand]"
Ganoderma lucidum,2,Polyporaceae,[Thailand]
Garrulax monileger,2,Leiothrichidae,[Thailand]
Gasteracantha diadesmia,2,Araneidae,[Indonesia]
Gasteracantha rubrospinis,2,Araneidae,[Indonesia]
Gastrochilus calceolaris,2,Orchidaceae,[Viet Nam]
Gelochelidon nilotica,2,Laridae,[Thailand]
Gerygone sulphurea,2,Acanthizidae,[Thailand]
Gnathocinara situla,2,Bombycidae,[Thailand]
Gomphrena serrata,2,Amaranthaceae,[Thailand]
Halpe porus,2,Hesperiidae,[Malaysia]
Hamadruas hieroglyphica,2,Oxyopidae,[Thailand]
Harmonia octomaculata,2,Coccinellidae,[Thailand]
Harpactes oreskios,2,Trogonidae,[Thailand]
Heliconia rostrata,2,Heliconiaceae,"[Indonesia, Philippines]"
Hellula undalis,2,Crambidae,[Thailand]
Helopeltis cinchonae,2,Miridae,[Thailand]
Heortia vitessoides,2,Crambidae,[Thailand]
Herpetogramma rudis,2,Crambidae,[Singapore]
Hetaeria affinis,2,Orchidaceae,[Viet Nam]
Heterometrus laevigatus,2,Scorpionidae,[Thailand]
Heteropoda lunula,2,Sparassidae,[Thailand]
Heteropteryx dilatata,2,Heteropterygidae,[Thailand]
Hibiscus rosa-sinensis,2,Malvaceae,[Philippines]
Hibiscus sabdariffa,2,Malvaceae,[Viet Nam]
Hidari irava,2,Hesperiidae,[Indonesia]
Holothuria leucospilota,2,Holothuriidae,[Thailand]
Homona encausta,2,Tortricidae,[Thailand]
Huia masonii,2,Ranidae,[Indonesia]
Hyllus semicupreus,2,Salticidae,[Malaysia]
Hylobates lar,2,Hylobatidae,[Thailand]
Hymenia perspectalis,2,Crambidae,[Singapore]
Hymenopus coronatus,2,Hymenopodidae,[Thailand]
Hyptis capitata,2,Lamiaceae,[Philippines]
Imma mylias,2,Immidae,[Thailand]
Imperata cylindrica,2,Poaceae,[Philippines]
Indigofera hirsuta,2,Fabaceae,[Viet Nam]
Indigofera linnaei,2,Fabaceae,[Viet Nam]
Ipomoea aquatica,2,Convolvulaceae,"[Indonesia, Malaysia, Thailand]"
Ipomoea hederifolia,2,Convolvulaceae,[Viet Nam]
Ipomoea obscura,2,Convolvulaceae,"[Thailand, Philippines]"
Lalage nigra,2,Campephagidae,"[Malaysia, Philippines]"
Leptobrachium hendricksoni,2,Megophryidae,[Thailand]
Leptobrachium pullum,2,Megophryidae,[Viet Nam]
Leptocoma calcostetha,2,Nectariniidae,[Singapore]
Lexias pardalis,2,Nymphalidae,[Singapore]
Limnodromus semipalmatus,2,Scolopacidae,[Thailand]
Limosa limosa,2,Scolopacidae,[Thailand]
Liocichla ripponi,2,Leiothrichidae,[Thailand]
Locustella certhiola,2,Locustellidae,[Viet Nam]
Lonchura atricapilla,2,Estrildidae,"[Singapore, Philippines]"
Lonchura oryzivora,2,Estrildidae,[Philippines]
Lonchura punctulata,2,Estrildidae,"[Indonesia, Malaysia, Singapore, Viet Nam, Philippines]"
Lonchura striata,2,Estrildidae,"[Thailand, Viet Nam]"
Ludisia discolor,2,Orchidaceae,[Viet Nam]
Macrochenus guerinii,2,Cerambycidae,[Thailand]
Macronus gularis,2,Timaliidae,[Thailand]
Macropygia ruficeps,2,Columbidae,[Indonesia]
Malpighia emarginata,2,Malpighiaceae,[Thailand]
Mangifera indica,2,Anacardiaceae,[Thailand]
Martes flavigula,2,Mustelidae,[Thailand]
Maruca vitrata,2,Crambidae,[Thailand]
Marumba amboinicus,2,Sphingidae,[Philippines]
Matapa aria,2,Hesperiidae,[Indonesia]
Megalurus palustris,2,Locustellidae,[Thailand]
Megophrys nasuta,2,Megophryidae,[Malaysia]
Melochia corchorifolia,2,Malvaceae,[Indonesia]
Merops leschenaulti,2,Meropidae,[Thailand]
Microporus xanthopus,2,Polyporaceae,"[Malaysia, Thailand]"
Miltochrista irregularis,2,Erebidae,[Thailand]
Mimosa diplotricha,2,Fabaceae,[Viet Nam]
Mimosa pigra,2,Fabaceae,[Viet Nam]
Monticola gularis,2,Muscicapidae,[Singapore]
Mortonagrion aborense,2,Coenagrionidae,[Thailand]
Muntingia calabura,2,Muntingiaceae,"[Indonesia, Philippines]"
Musa paradisiaca,2,Musaceae,[Thailand]
Musa textilis,2,Musaceae,[Philippines]
Musa velutina,2,Musaceae,[Malaysia]
Muscicapa latirostris,2,Muscicapidae,"[Indonesia, Malaysia, Singapore, Thailand, Viet Nam]"
Mycalesis mineus,2,Nymphalidae,[Singapore]
Mycalesis perseoides,2,Nymphalidae,[Singapore]
Mycalesis perseus,2,Nymphalidae,"[Singapore, Viet Nam]"
Mycteria leucocephala,2,Ciconiidae,[Thailand]
Myophonus caeruleus,2,Muscicapidae,"[Thailand, Viet Nam]"
Myrmaplata plataleoides,2,Salticidae,"[Singapore, Viet Nam]"
Myrmarachne melanocephala,2,Salticidae,[Malaysia]
Napothera macrodactyla,2,Pellorneidae,[Malaysia]
Nasalis larvatus,2,Cercopithecidae,[Malaysia]
Neophocaena phocaenoides,2,Phocoenidae,[Thailand]
Neostylopyga rhombifolia,2,Blattidae,[Thailand]
Neptis leucoporos,2,Nymphalidae,[Singapore]
Neurothemis fluctuans,2,Libellulidae,"[Malaysia, Singapore, Thailand, Viet Nam]"
Neurothemis fulvia,2,Libellulidae,"[Malaysia, Thailand, Viet Nam]"
Neurothemis intermedia,2,Libellulidae,[Thailand]
Neurothemis tullia,2,Libellulidae,"[Thailand, Viet Nam]"
Nevrina procopia,2,Crambidae,[Philippines]
Niltava grandis,2,Muscicapidae,"[Thailand, Viet Nam]"
Notocrypta paralysos,2,Hesperiidae,[Malaysia]
Numenius arquata,2,Scolopacidae,[Thailand]
Numenius phaeopus,2,Scolopacidae,"[Indonesia, Philippines]"
Ocimum tenuiflorum,2,Lamiaceae,[Thailand]
Odontomantis planiceps,2,Hymenopodidae,"[Indonesia, Malaysia, Singapore]"
Omiodes diemenalis,2,Crambidae,[Thailand]
Orthetrum chrysis,2,Libellulidae,"[Malaysia, Singapore, Viet Nam]"
Orthetrum glaucum,2,Libellulidae,"[Malaysia, Singapore, Thailand]"
Orthetrum luzonicum,2,Libellulidae,[Thailand]
Orthetrum pruinosum,2,Libellulidae,[Thailand]
Orthetrum sabina,2,Libellulidae,"[Indonesia, Malaysia, Singapore, Thailand, Viet Nam]"
Orthetrum testaceum,2,Libellulidae,"[Indonesia, Malaysia, Singapore, Thailand]"
Orthetrum triangulare,2,Libellulidae,[Thailand]
Oxytate virens,2,Thomisidae,[Malaysia]
Paguma larvata,2,Viverridae,[Thailand]
Paradoxornis guttaticollis,2,Sylviidae,[Thailand]
Parapoynx diminutalis,2,Crambidae,[Singapore]
Parathyma reta,2,Nymphalidae,[Singapore]
Paratrechina longicornis,2,Formicidae,"[Indonesia, Malaysia, Thailand]"
Pareuchaetes pseudoinsulata,2,Erebidae,"[Thailand, Viet Nam]"
Passer domesticus,2,Passeridae,"[Thailand, Viet Nam]"
Passiflora foetida,2,Passifloraceae,[Thailand]
Passiflora vesicaria,2,Passifloraceae,[Viet Nam]
Pelopidas agna,2,Hesperiidae,[Indonesia]
Penthicodes atomaria,2,Fulgoridae,[Viet Nam]
Penthicodes farinosa,2,Fulgoridae,[Philippines]
Penthicodes warleti,2,Fulgoridae,[Thailand]
Pericrocotus ethologus,2,Campephagidae,[Thailand]
Pericrocotus roseus,2,Campephagidae,[Thailand]
Pericrocotus speciosus,2,Campephagidae,[Thailand]
Phaedyma columella,2,Nymphalidae,[Singapore]
Phalanta phalantha,2,Nymphalidae,[Singapore]
Phintella vittata,2,Salticidae,"[Malaysia, Singapore, Viet Nam]"
Phintelloides versicolor,2,Salticidae,"[Malaysia, Viet Nam]"
Phoenicurus auroreus,2,Muscicapidae,[Viet Nam]
Phoenicurus fuliginosus,2,Muscicapidae,[Thailand]
Phrynarachne ceylonica,2,Thomisidae,[Malaysia]
Phyllidia marindica,2,Phyllidiidae,[Thailand]
Physocyclus globosus,2,Pholcidae,[Thailand]
Pidorus gemina,2,Zygaenidae,[Viet Nam]
Pirdana distanti,2,Hesperiidae,[Indonesia]
Pityrogramma calomelanos,2,Pteridaceae,[Philippines]
Platalea minor,2,Threskiornithidae,[Thailand]
Plexippus paykulli,2,Salticidae,"[Singapore, Philippines]"
Ploceus hypoxanthus,2,Ploceidae,[Thailand]
Ploceus philippinus,2,Ploceidae,[Malaysia]
Podiceps cristatus,2,Podicipedidae,[Thailand]
Poltys illepidus,2,Araneidae,"[Indonesia, Malaysia]"
Polytremis lubricans,2,Hesperiidae,[Malaysia]
Porzana cinerea,2,Rallidae,[Thailand]
Potamarcha congener,2,Libellulidae,"[Indonesia, Thailand, Viet Nam]"
Potanthus omaha,2,Hesperiidae,[Malaysia]
Presbytis siamensis,2,Cercopithecidae,[Malaysia]
Prosopandrophila distincta,2,Zygaenidae,[Philippines]
Prosotas dubiosa,2,Lycaenidae,"[Indonesia, Malaysia, Singapore]"
Psarisomus dalhousiae,2,Eurylaimidae,[Thailand]
Pseudagrion microcephalum,2,Coenagrionidae,"[Singapore, Thailand]"
Pseudagrion pruinosum,2,Coenagrionidae,"[Malaysia, Singapore]"
Pseudagrion rubriceps,2,Coenagrionidae,"[Malaysia, Thailand]"
Pseudapis siamensis,2,Halictidae,[Thailand]
Pseuderanthemum maculatum,2,Acanthaceae,[Indonesia]
Pseudoanthidium orientale,2,Megachilidae,[Thailand]
Psichotoe duvauceli,2,Erebidae,[Thailand]
Psittacula longicauda,2,Psittacidae,[Singapore]
Pteris ensiformis,2,Pteridaceae,[Indonesia]
Pteris vittata,2,Pteridaceae,"[Indonesia, Viet Nam, Philippines]"
Pulchrana glandulosa,2,Ranidae,[Malaysia]
Pulchriphyllium bioculatum,2,Phylliidae,[Thailand]
Pulchriphyllium giganteum,2,Phylliidae,[Malaysia]
Pyrops candelaria,2,Fulgoridae,[Viet Nam]
Pyrops coelestinus,2,Fulgoridae,[Viet Nam]
Pyrops oculatus,2,Fulgoridae,[Thailand]
Rhinolophus luctus,2,Rhinolophidae,[Thailand]
Rhinoplax vigil,2,Bucerotidae,[Thailand]
Rhinortha chlorophaea,2,Cuculidae,[Malaysia]
Rhyothemis variegata,2,Libellulidae,"[Indonesia, Malaysia, Singapore, Viet Nam]"
Riptortus pedestris,2,Alydidae,[Thailand]
Rivina humilis,2,Phytolaccaceae,"[Indonesia, Philippines]"
Ropalidia ornaticeps,2,Vespidae,[Thailand]
Ruellia prostrata,2,Acanthaceae,[Singapore]
Rusa unicolor,2,Cervidae,[Thailand]
Sameodes cancellalis,2,Crambidae,"[Singapore, Thailand]"
Scolia binotata,2,Scoliidae,[Viet Nam]
Selepa celtis,2,Nolidae,[Thailand]
Sesbania grandiflora,2,Fabaceae,[Viet Nam]
Sida acuta,2,Malvaceae,[Philippines]
Siler semiglaucus,2,Salticidae,[Viet Nam]
Sitta frontalis,2,Sittidae,[Thailand]
Solanum diphyllum,2,Solanaceae,"[Indonesia, Philippines]"
Solanum lycopersicum,2,Solanaceae,[Thailand]
Solanum torvum,2,Solanaceae,"[Malaysia, Philippines]"
Spatula clypeata,2,Anatidae,[Philippines]
Sphex sericeus,2,Sphecidae,[Thailand]
Spinifex littoreus,2,Poaceae,[Indonesia]
Streptopelia tranquebarica,2,Columbidae,"[Indonesia, Thailand]"
Supella longipalpa,2,Ectobiidae,[Philippines]
Swietenia macrophylla,2,Meliaceae,"[Malaysia, Philippines]"
Sylvirana guentheri,2,Ranidae,[Viet Nam]
Syntomoides imaon,2,Erebidae,[Thailand]
Tagiades gana,2,Hesperiidae,"[Malaysia, Philippines]"
Talinum fruticosum,2,Talinaceae,[Thailand]
Talipariti tiliaceum,2,Malvaceae,"[Indonesia, Viet Nam]"
Tanaecia iapis,2,Nymphalidae,[Singapore]
Tanaecia pelea,2,Nymphalidae,[Singapore]
Taractrocera archias,2,Hesperiidae,[Indonesia]
Tectona grandis,2,Lamiaceae,[Thailand]
Teinobasis laidlawi,2,Coenagrionidae,[Malaysia]
Telostylinus lineolatus,2,Neriidae,[Thailand]
Terpsiphone paradisi,2,Monarchidae,[Thailand]
Tetragonula collina,2,Apidae,[Thailand]
Thelacantha brevispina,2,Araneidae,[Indonesia]
Theretra oldenlandiae,2,Sphingidae,[Malaysia]
Theridion zonulatum,2,Theridiidae,[Malaysia]
Thespesia populnea,2,Malvaceae,[Thailand]
Thorelliola ensifera,2,Salticidae,"[Malaysia, Singapore]"
Trachypithecus cristatus,2,Cercopithecidae,[Indonesia]
Trachypithecus obscurus,2,Cercopithecidae,"[Malaysia, Thailand]"
Trachythorax maculicollis,2,Lonchodidae,[Thailand]
Treron curvirostra,2,Columbidae,"[Singapore, Thailand]"
Treron griseicauda,2,Columbidae,[Indonesia]
Tringa brevipes,2,Scolopacidae,[Philippines]
Tringa erythropus,2,Scolopacidae,[Thailand]
Tringa glareola,2,Scolopacidae,"[Indonesia, Thailand, Philippines]"
Tringa nebularia,2,Scolopacidae,[Viet Nam]
Tringa stagnatilis,2,Scolopacidae,"[Thailand, Philippines]"
Tupaia belangeri,2,Tupaiidae,[Thailand]
Urena lobata,2,Malvaceae,[Philippines]
Utricularia gibba,2,Lentibulariaceae,[Thailand]
Valanga nigricornis,2,Acrididae,"[Indonesia, Malaysia, Singapore]"
Vanellus indicus,2,Charadriidae,"[Malaysia, Singapore, Thailand]"
Vespa tropica,2,Vespidae,"[Thailand, Philippines]"
Vestalis gracilis,2,Calopterygidae,[Thailand]
Vindula deione,2,Nymphalidae,[Singapore]
Woodwardia japonica,2,Blechnaceae,[Viet Nam]
Xenocatantops humilis,2,Acrididae,[Singapore]
Xylocopa latipes,2,Apidae,"[Singapore, Thailand]"
Xylocopa minor,2,Apidae,[Thailand]
Zanclostomus curvirostris,2,Cuculidae,[Malaysia]
Zanclostomus javanicus,2,Cuculidae,[Malaysia]
Zemeros flegyas,2,Riodinidae,[Thailand]
Zurobata vacillans,2,Erebidae,[Thailand]
